--
-- PostgreSQL database dump
--

-- Dumped from database version 16.0
-- Dumped by pg_dump version 16.0

-- Started on 2023-09-20 10:36:48

SET statement_timeout = 0;
SET lock_timeout = 0;
SET idle_in_transaction_session_timeout = 0;
SET client_encoding = 'UTF8';
SET standard_conforming_strings = on;
SELECT pg_catalog.set_config('search_path', '', false);
SET check_function_bodies = false;
SET xmloption = content;
SET client_min_messages = warning;
SET row_security = off;

SET default_tablespace = '';

SET default_table_access_method = heap;

--
-- TOC entry 222 (class 1259 OID 16658)
-- Name: auth_group; Type: TABLE; Schema: public; Owner: postgres
--

CREATE TABLE public.auth_group (
    id integer NOT NULL,
    name character varying(150) NOT NULL
);


ALTER TABLE public.auth_group OWNER TO postgres;

--
-- TOC entry 221 (class 1259 OID 16657)
-- Name: auth_group_id_seq; Type: SEQUENCE; Schema: public; Owner: postgres
--

ALTER TABLE public.auth_group ALTER COLUMN id ADD GENERATED BY DEFAULT AS IDENTITY (
    SEQUENCE NAME public.auth_group_id_seq
    START WITH 1
    INCREMENT BY 1
    NO MINVALUE
    NO MAXVALUE
    CACHE 1
);


--
-- TOC entry 224 (class 1259 OID 16666)
-- Name: auth_group_permissions; Type: TABLE; Schema: public; Owner: postgres
--

CREATE TABLE public.auth_group_permissions (
    id bigint NOT NULL,
    group_id integer NOT NULL,
    permission_id integer NOT NULL
);


ALTER TABLE public.auth_group_permissions OWNER TO postgres;

--
-- TOC entry 223 (class 1259 OID 16665)
-- Name: auth_group_permissions_id_seq; Type: SEQUENCE; Schema: public; Owner: postgres
--

ALTER TABLE public.auth_group_permissions ALTER COLUMN id ADD GENERATED BY DEFAULT AS IDENTITY (
    SEQUENCE NAME public.auth_group_permissions_id_seq
    START WITH 1
    INCREMENT BY 1
    NO MINVALUE
    NO MAXVALUE
    CACHE 1
);


--
-- TOC entry 220 (class 1259 OID 16652)
-- Name: auth_permission; Type: TABLE; Schema: public; Owner: postgres
--

CREATE TABLE public.auth_permission (
    id integer NOT NULL,
    name character varying(255) NOT NULL,
    content_type_id integer NOT NULL,
    codename character varying(100) NOT NULL
);


ALTER TABLE public.auth_permission OWNER TO postgres;

--
-- TOC entry 219 (class 1259 OID 16651)
-- Name: auth_permission_id_seq; Type: SEQUENCE; Schema: public; Owner: postgres
--

ALTER TABLE public.auth_permission ALTER COLUMN id ADD GENERATED BY DEFAULT AS IDENTITY (
    SEQUENCE NAME public.auth_permission_id_seq
    START WITH 1
    INCREMENT BY 1
    NO MINVALUE
    NO MAXVALUE
    CACHE 1
);


--
-- TOC entry 226 (class 1259 OID 16672)
-- Name: auth_user; Type: TABLE; Schema: public; Owner: postgres
--

CREATE TABLE public.auth_user (
    id integer NOT NULL,
    password character varying(128) NOT NULL,
    last_login timestamp with time zone,
    is_superuser boolean NOT NULL,
    username character varying(150) NOT NULL,
    first_name character varying(150) NOT NULL,
    last_name character varying(150) NOT NULL,
    email character varying(254) NOT NULL,
    is_staff boolean NOT NULL,
    is_active boolean NOT NULL,
    date_joined timestamp with time zone NOT NULL
);


ALTER TABLE public.auth_user OWNER TO postgres;

--
-- TOC entry 228 (class 1259 OID 16680)
-- Name: auth_user_groups; Type: TABLE; Schema: public; Owner: postgres
--

CREATE TABLE public.auth_user_groups (
    id bigint NOT NULL,
    user_id integer NOT NULL,
    group_id integer NOT NULL
);


ALTER TABLE public.auth_user_groups OWNER TO postgres;

--
-- TOC entry 227 (class 1259 OID 16679)
-- Name: auth_user_groups_id_seq; Type: SEQUENCE; Schema: public; Owner: postgres
--

ALTER TABLE public.auth_user_groups ALTER COLUMN id ADD GENERATED BY DEFAULT AS IDENTITY (
    SEQUENCE NAME public.auth_user_groups_id_seq
    START WITH 1
    INCREMENT BY 1
    NO MINVALUE
    NO MAXVALUE
    CACHE 1
);


--
-- TOC entry 225 (class 1259 OID 16671)
-- Name: auth_user_id_seq; Type: SEQUENCE; Schema: public; Owner: postgres
--

ALTER TABLE public.auth_user ALTER COLUMN id ADD GENERATED BY DEFAULT AS IDENTITY (
    SEQUENCE NAME public.auth_user_id_seq
    START WITH 1
    INCREMENT BY 1
    NO MINVALUE
    NO MAXVALUE
    CACHE 1
);


--
-- TOC entry 230 (class 1259 OID 16686)
-- Name: auth_user_user_permissions; Type: TABLE; Schema: public; Owner: postgres
--

CREATE TABLE public.auth_user_user_permissions (
    id bigint NOT NULL,
    user_id integer NOT NULL,
    permission_id integer NOT NULL
);


ALTER TABLE public.auth_user_user_permissions OWNER TO postgres;

--
-- TOC entry 229 (class 1259 OID 16685)
-- Name: auth_user_user_permissions_id_seq; Type: SEQUENCE; Schema: public; Owner: postgres
--

ALTER TABLE public.auth_user_user_permissions ALTER COLUMN id ADD GENERATED BY DEFAULT AS IDENTITY (
    SEQUENCE NAME public.auth_user_user_permissions_id_seq
    START WITH 1
    INCREMENT BY 1
    NO MINVALUE
    NO MAXVALUE
    CACHE 1
);


--
-- TOC entry 232 (class 1259 OID 16744)
-- Name: django_admin_log; Type: TABLE; Schema: public; Owner: postgres
--

CREATE TABLE public.django_admin_log (
    id integer NOT NULL,
    action_time timestamp with time zone NOT NULL,
    object_id text,
    object_repr character varying(200) NOT NULL,
    action_flag smallint NOT NULL,
    change_message text NOT NULL,
    content_type_id integer,
    user_id integer NOT NULL,
    CONSTRAINT django_admin_log_action_flag_check CHECK ((action_flag >= 0))
);


ALTER TABLE public.django_admin_log OWNER TO postgres;

--
-- TOC entry 231 (class 1259 OID 16743)
-- Name: django_admin_log_id_seq; Type: SEQUENCE; Schema: public; Owner: postgres
--

ALTER TABLE public.django_admin_log ALTER COLUMN id ADD GENERATED BY DEFAULT AS IDENTITY (
    SEQUENCE NAME public.django_admin_log_id_seq
    START WITH 1
    INCREMENT BY 1
    NO MINVALUE
    NO MAXVALUE
    CACHE 1
);


--
-- TOC entry 218 (class 1259 OID 16644)
-- Name: django_content_type; Type: TABLE; Schema: public; Owner: postgres
--

CREATE TABLE public.django_content_type (
    id integer NOT NULL,
    app_label character varying(100) NOT NULL,
    model character varying(100) NOT NULL
);


ALTER TABLE public.django_content_type OWNER TO postgres;

--
-- TOC entry 217 (class 1259 OID 16643)
-- Name: django_content_type_id_seq; Type: SEQUENCE; Schema: public; Owner: postgres
--

ALTER TABLE public.django_content_type ALTER COLUMN id ADD GENERATED BY DEFAULT AS IDENTITY (
    SEQUENCE NAME public.django_content_type_id_seq
    START WITH 1
    INCREMENT BY 1
    NO MINVALUE
    NO MAXVALUE
    CACHE 1
);


--
-- TOC entry 216 (class 1259 OID 16636)
-- Name: django_migrations; Type: TABLE; Schema: public; Owner: postgres
--

CREATE TABLE public.django_migrations (
    id bigint NOT NULL,
    app character varying(255) NOT NULL,
    name character varying(255) NOT NULL,
    applied timestamp with time zone NOT NULL
);


ALTER TABLE public.django_migrations OWNER TO postgres;

--
-- TOC entry 215 (class 1259 OID 16635)
-- Name: django_migrations_id_seq; Type: SEQUENCE; Schema: public; Owner: postgres
--

ALTER TABLE public.django_migrations ALTER COLUMN id ADD GENERATED BY DEFAULT AS IDENTITY (
    SEQUENCE NAME public.django_migrations_id_seq
    START WITH 1
    INCREMENT BY 1
    NO MINVALUE
    NO MAXVALUE
    CACHE 1
);


--
-- TOC entry 243 (class 1259 OID 16870)
-- Name: django_session; Type: TABLE; Schema: public; Owner: postgres
--

CREATE TABLE public.django_session (
    session_key character varying(40) NOT NULL,
    session_data text NOT NULL,
    expire_date timestamp with time zone NOT NULL
);


ALTER TABLE public.django_session OWNER TO postgres;

--
-- TOC entry 238 (class 1259 OID 16823)
-- Name: mlpipeline_camera; Type: TABLE; Schema: public; Owner: postgres
--

CREATE TABLE public.mlpipeline_camera (
    id bigint NOT NULL,
    camera_ip character varying(128) NOT NULL,
    room_details character varying(128) NOT NULL,
    connected boolean NOT NULL,
    created_date timestamp with time zone NOT NULL,
    updated_date timestamp with time zone NOT NULL,
    created_by_id integer,
    updated_by_id integer
);


ALTER TABLE public.mlpipeline_camera OWNER TO postgres;

--
-- TOC entry 237 (class 1259 OID 16822)
-- Name: mlpipeline_camera_id_seq; Type: SEQUENCE; Schema: public; Owner: postgres
--

ALTER TABLE public.mlpipeline_camera ALTER COLUMN id ADD GENERATED BY DEFAULT AS IDENTITY (
    SEQUENCE NAME public.mlpipeline_camera_id_seq
    START WITH 1
    INCREMENT BY 1
    NO MINVALUE
    NO MAXVALUE
    CACHE 1
);


--
-- TOC entry 242 (class 1259 OID 16835)
-- Name: mlpipeline_detection; Type: TABLE; Schema: public; Owner: postgres
--

CREATE TABLE public.mlpipeline_detection (
    id bigint NOT NULL,
    mood_name character varying(128) NOT NULL,
    activity_name character varying(128) NOT NULL,
    reference_video character varying(128),
    recorded_date timestamp with time zone NOT NULL,
    camera_id bigint NOT NULL,
    profile_id bigint NOT NULL
);


ALTER TABLE public.mlpipeline_detection OWNER TO postgres;

--
-- TOC entry 241 (class 1259 OID 16834)
-- Name: mlpipeline_detection_id_seq; Type: SEQUENCE; Schema: public; Owner: postgres
--

ALTER TABLE public.mlpipeline_detection ALTER COLUMN id ADD GENERATED BY DEFAULT AS IDENTITY (
    SEQUENCE NAME public.mlpipeline_detection_id_seq
    START WITH 1
    INCREMENT BY 1
    NO MINVALUE
    NO MAXVALUE
    CACHE 1
);


--
-- TOC entry 240 (class 1259 OID 16829)
-- Name: mlpipeline_scriptexecutions; Type: TABLE; Schema: public; Owner: postgres
--

CREATE TABLE public.mlpipeline_scriptexecutions (
    id bigint NOT NULL,
    exec_start_time timestamp with time zone NOT NULL,
    exec_status character varying(128) NOT NULL,
    exec_stop_time timestamp with time zone,
    exec_camera_id bigint
);


ALTER TABLE public.mlpipeline_scriptexecutions OWNER TO postgres;

--
-- TOC entry 239 (class 1259 OID 16828)
-- Name: mlpipeline_scriptexecutions_id_seq; Type: SEQUENCE; Schema: public; Owner: postgres
--

ALTER TABLE public.mlpipeline_scriptexecutions ALTER COLUMN id ADD GENERATED BY DEFAULT AS IDENTITY (
    SEQUENCE NAME public.mlpipeline_scriptexecutions_id_seq
    START WITH 1
    INCREMENT BY 1
    NO MINVALUE
    NO MAXVALUE
    CACHE 1
);


--
-- TOC entry 245 (class 1259 OID 16881)
-- Name: mlpipeline_videoupload; Type: TABLE; Schema: public; Owner: postgres
--

CREATE TABLE public.mlpipeline_videoupload (
    id bigint NOT NULL,
    title character varying(255) NOT NULL,
    video_file character varying(100) NOT NULL
);


ALTER TABLE public.mlpipeline_videoupload OWNER TO postgres;

--
-- TOC entry 244 (class 1259 OID 16880)
-- Name: mlpipeline_videoupload_id_seq; Type: SEQUENCE; Schema: public; Owner: postgres
--

ALTER TABLE public.mlpipeline_videoupload ALTER COLUMN id ADD GENERATED BY DEFAULT AS IDENTITY (
    SEQUENCE NAME public.mlpipeline_videoupload_id_seq
    START WITH 1
    INCREMENT BY 1
    NO MINVALUE
    NO MAXVALUE
    CACHE 1
);


--
-- TOC entry 234 (class 1259 OID 16773)
-- Name: orphanage_roles; Type: TABLE; Schema: public; Owner: postgres
--

CREATE TABLE public.orphanage_roles (
    id bigint NOT NULL,
    role_name character varying(250) NOT NULL,
    created_date timestamp with time zone NOT NULL,
    updated_date timestamp with time zone NOT NULL,
    created_by_id integer,
    updated_by_id integer
);


ALTER TABLE public.orphanage_roles OWNER TO postgres;

--
-- TOC entry 233 (class 1259 OID 16772)
-- Name: orphanage_roles_id_seq; Type: SEQUENCE; Schema: public; Owner: postgres
--

ALTER TABLE public.orphanage_roles ALTER COLUMN id ADD GENERATED BY DEFAULT AS IDENTITY (
    SEQUENCE NAME public.orphanage_roles_id_seq
    START WITH 1
    INCREMENT BY 1
    NO MINVALUE
    NO MAXVALUE
    CACHE 1
);


--
-- TOC entry 236 (class 1259 OID 16779)
-- Name: profile; Type: TABLE; Schema: public; Owner: postgres
--

CREATE TABLE public.profile (
    id bigint NOT NULL,
    profile_name character varying(250) NOT NULL,
    dob date NOT NULL,
    profile_photo1 character varying(100),
    profile_photo2 character varying(100),
    profile_photo3 character varying(100),
    encoded_photo1 bytea,
    encoded_photo2 bytea,
    encoded_photo3 bytea,
    created_date timestamp with time zone NOT NULL,
    updated_date timestamp with time zone NOT NULL,
    created_by_id integer,
    role_id bigint NOT NULL,
    updated_by_id integer,
    user_id integer
);


ALTER TABLE public.profile OWNER TO postgres;

--
-- TOC entry 235 (class 1259 OID 16778)
-- Name: profile_id_seq; Type: SEQUENCE; Schema: public; Owner: postgres
--

ALTER TABLE public.profile ALTER COLUMN id ADD GENERATED BY DEFAULT AS IDENTITY (
    SEQUENCE NAME public.profile_id_seq
    START WITH 1
    INCREMENT BY 1
    NO MINVALUE
    NO MAXVALUE
    CACHE 1
);


--
-- TOC entry 4949 (class 0 OID 16658)
-- Dependencies: 222
-- Data for Name: auth_group; Type: TABLE DATA; Schema: public; Owner: postgres
--

COPY public.auth_group (id, name) FROM stdin;
\.


--
-- TOC entry 4951 (class 0 OID 16666)
-- Dependencies: 224
-- Data for Name: auth_group_permissions; Type: TABLE DATA; Schema: public; Owner: postgres
--

COPY public.auth_group_permissions (id, group_id, permission_id) FROM stdin;
\.


--
-- TOC entry 4947 (class 0 OID 16652)
-- Dependencies: 220
-- Data for Name: auth_permission; Type: TABLE DATA; Schema: public; Owner: postgres
--

COPY public.auth_permission (id, name, content_type_id, codename) FROM stdin;
1	Can add log entry	1	add_logentry
2	Can change log entry	1	change_logentry
3	Can delete log entry	1	delete_logentry
4	Can view log entry	1	view_logentry
5	Can add permission	2	add_permission
6	Can change permission	2	change_permission
7	Can delete permission	2	delete_permission
8	Can view permission	2	view_permission
9	Can add group	3	add_group
10	Can change group	3	change_group
11	Can delete group	3	delete_group
12	Can view group	3	view_group
13	Can add user	4	add_user
14	Can change user	4	change_user
15	Can delete user	4	delete_user
16	Can view user	4	view_user
17	Can add content type	5	add_contenttype
18	Can change content type	5	change_contenttype
19	Can delete content type	5	delete_contenttype
20	Can view content type	5	view_contenttype
21	Can add session	6	add_session
22	Can change session	6	change_session
23	Can delete session	6	delete_session
24	Can view session	6	view_session
25	Can add orphanage roles	7	add_orphanageroles
26	Can change orphanage roles	7	change_orphanageroles
27	Can delete orphanage roles	7	delete_orphanageroles
28	Can view orphanage roles	7	view_orphanageroles
29	Can add profile	8	add_profile
30	Can change profile	8	change_profile
31	Can delete profile	8	delete_profile
32	Can view profile	8	view_profile
33	Can add camera	9	add_camera
34	Can change camera	9	change_camera
35	Can delete camera	9	delete_camera
36	Can view camera	9	view_camera
37	Can add script executions	10	add_scriptexecutions
38	Can change script executions	10	change_scriptexecutions
39	Can delete script executions	10	delete_scriptexecutions
40	Can view script executions	10	view_scriptexecutions
41	Can add detection	11	add_detection
42	Can change detection	11	change_detection
43	Can delete detection	11	delete_detection
44	Can view detection	11	view_detection
45	Can add video upload	12	add_videoupload
46	Can change video upload	12	change_videoupload
47	Can delete video upload	12	delete_videoupload
48	Can view video upload	12	view_videoupload
\.


--
-- TOC entry 4953 (class 0 OID 16672)
-- Dependencies: 226
-- Data for Name: auth_user; Type: TABLE DATA; Schema: public; Owner: postgres
--

COPY public.auth_user (id, password, last_login, is_superuser, username, first_name, last_name, email, is_staff, is_active, date_joined) FROM stdin;
1	pbkdf2_sha256$600000$duEqTTjFtBwbatDymN69j4$ra+vAPpzT7c69GeQQJ8TJDLR1AREQJe1ztDdtf5dEF0=	2023-09-19 14:53:07.325421+04	t	jasir	Mohammad	Jasir	mohammedjasir660@gmail.com	t	t	2023-09-19 13:50:28.56297+04
\.


--
-- TOC entry 4955 (class 0 OID 16680)
-- Dependencies: 228
-- Data for Name: auth_user_groups; Type: TABLE DATA; Schema: public; Owner: postgres
--

COPY public.auth_user_groups (id, user_id, group_id) FROM stdin;
\.


--
-- TOC entry 4957 (class 0 OID 16686)
-- Dependencies: 230
-- Data for Name: auth_user_user_permissions; Type: TABLE DATA; Schema: public; Owner: postgres
--

COPY public.auth_user_user_permissions (id, user_id, permission_id) FROM stdin;
\.


--
-- TOC entry 4959 (class 0 OID 16744)
-- Dependencies: 232
-- Data for Name: django_admin_log; Type: TABLE DATA; Schema: public; Owner: postgres
--

COPY public.django_admin_log (id, action_time, object_id, object_repr, action_flag, change_message, content_type_id, user_id) FROM stdin;
\.


--
-- TOC entry 4945 (class 0 OID 16644)
-- Dependencies: 218
-- Data for Name: django_content_type; Type: TABLE DATA; Schema: public; Owner: postgres
--

COPY public.django_content_type (id, app_label, model) FROM stdin;
1	admin	logentry
2	auth	permission
3	auth	group
4	auth	user
5	contenttypes	contenttype
6	sessions	session
7	userProfile	orphanageroles
8	userProfile	profile
9	mlpipeline	camera
10	mlpipeline	scriptexecutions
11	mlpipeline	detection
12	mlpipeline	videoupload
\.


--
-- TOC entry 4943 (class 0 OID 16636)
-- Dependencies: 216
-- Data for Name: django_migrations; Type: TABLE DATA; Schema: public; Owner: postgres
--

COPY public.django_migrations (id, app, name, applied) FROM stdin;
1	contenttypes	0001_initial	2023-09-19 13:49:02.452459+04
2	auth	0001_initial	2023-09-19 13:49:02.949308+04
3	admin	0001_initial	2023-09-19 13:49:03.048361+04
4	admin	0002_logentry_remove_auto_add	2023-09-19 13:49:03.057629+04
5	admin	0003_logentry_add_action_flag_choices	2023-09-19 13:49:03.066606+04
6	contenttypes	0002_remove_content_type_name	2023-09-19 13:49:03.08356+04
7	auth	0002_alter_permission_name_max_length	2023-09-19 13:49:03.092506+04
8	auth	0003_alter_user_email_max_length	2023-09-19 13:49:03.102195+04
9	auth	0004_alter_user_username_opts	2023-09-19 13:49:03.112169+04
10	auth	0005_alter_user_last_login_null	2023-09-19 13:49:03.121115+04
11	auth	0006_require_contenttypes_0002	2023-09-19 13:49:03.128261+04
12	auth	0007_alter_validators_add_error_messages	2023-09-19 13:49:03.137225+04
13	auth	0008_alter_user_username_max_length	2023-09-19 13:49:03.17329+04
14	auth	0009_alter_user_last_name_max_length	2023-09-19 13:49:03.183291+04
15	auth	0010_alter_group_name_max_length	2023-09-19 13:49:03.196228+04
16	auth	0011_update_proxy_permissions	2023-09-19 13:49:03.230178+04
17	auth	0012_alter_user_first_name_max_length	2023-09-19 13:49:03.238116+04
18	userProfile	0001_initial	2023-09-19 13:49:03.482993+04
19	mlpipeline	0001_initial	2023-09-19 13:49:03.674399+04
20	sessions	0001_initial	2023-09-19 13:49:03.756343+04
21	mlpipeline	0002_videoupload	2023-09-20 01:01:45.740533+04
\.


--
-- TOC entry 4970 (class 0 OID 16870)
-- Dependencies: 243
-- Data for Name: django_session; Type: TABLE DATA; Schema: public; Owner: postgres
--

COPY public.django_session (session_key, session_data, expire_date) FROM stdin;
rcjt16v0mmhq707n8nra90vtchpsh6ye	.eJxVjDsOwjAQBe_iGllxvP6Ekj5nsNbeNQ4gR4qTCnF3EikFtG9m3lsE3NYStsZLmEhchRKX3y1ienI9AD2w3meZ5rouU5SHIk_a5DgTv26n-3dQsJW9zhY0JQ2eB4eZvQdSyriOLFgdocPoMSswmgZvXVKApk89MKoU9yiLzxfamDfX:1qiXNM:OfC-nZhwtYMCPMhK8ksv8Xfw_rZZni7L2DXbLiJD0VY	2023-10-03 13:50:36.913645+04
e00bpk2h1yck5f6z82awxhbb644w9tdl	.eJxVjDsOwjAQBe_iGllxvP6Ekj5nsNbeNQ4gR4qTCnF3EikFtG9m3lsE3NYStsZLmEhchRKX3y1ienI9AD2w3meZ5rouU5SHIk_a5DgTv26n-3dQsJW9zhY0JQ2eB4eZvQdSyriOLFgdocPoMSswmgZvXVKApk89MKoU9yiLzxfamDfX:1qiYLr:o0UbesFX9mVphZQnpOfwj78TlDzt8Xs03OeLi3dEn8s	2023-10-03 14:53:07.330407+04
\.


--
-- TOC entry 4965 (class 0 OID 16823)
-- Dependencies: 238
-- Data for Name: mlpipeline_camera; Type: TABLE DATA; Schema: public; Owner: postgres
--

COPY public.mlpipeline_camera (id, camera_ip, room_details, connected, created_date, updated_date, created_by_id, updated_by_id) FROM stdin;
3	D:\\projects\\cairo-egypt-orphanage-well-being\\src\\tasks\\task-9-develop-web-app\\monitorApp\\media\\videos\\Video3_chunk_37.mp4	Video3_chunk_37	f	2023-09-20 08:57:15.529262+04	2023-09-20 08:57:15.529262+04	\N	\N
4	D:\\projects\\cairo-egypt-orphanage-well-being\\src\\tasks\\task-9-develop-web-app\\monitorApp\\media\\videos\\Video3_chunk_37.mp4	Video3_chunk_37	f	2023-09-20 08:58:33.261246+04	2023-09-20 08:58:33.261246+04	\N	\N
5	D:\\projects\\cairo-egypt-orphanage-well-being\\src\\tasks\\task-9-develop-web-app\\monitorApp\\media\\videos\\Video3_chunk_37.mp4	Video3_chunk_37	f	2023-09-20 09:00:46.914277+04	2023-09-20 09:00:46.914277+04	\N	\N
38	D:\\projects\\cairo-egypt-orphanage-well-being\\src\\tasks\\task-9-develop-web-app\\monitorApp\\media\\videos\\Video3_chunk_37.mp4	Video3_chunk_37	f	2023-09-20 09:06:00.548036+04	2023-09-20 09:06:00.548036+04	\N	\N
40	http://158.58.130.148:80/mjpg/video.mjpg	R0	t	2023-09-20 10:16:14.698024+04	2023-09-20 10:16:14.698024+04	\N	\N
\.


--
-- TOC entry 4969 (class 0 OID 16835)
-- Dependencies: 242
-- Data for Name: mlpipeline_detection; Type: TABLE DATA; Schema: public; Owner: postgres
--

COPY public.mlpipeline_detection (id, mood_name, activity_name, reference_video, recorded_date, camera_id, profile_id) FROM stdin;
\.


--
-- TOC entry 4967 (class 0 OID 16829)
-- Dependencies: 240
-- Data for Name: mlpipeline_scriptexecutions; Type: TABLE DATA; Schema: public; Owner: postgres
--

COPY public.mlpipeline_scriptexecutions (id, exec_start_time, exec_status, exec_stop_time, exec_camera_id) FROM stdin;
47	2023-09-20 09:00:46.917268+04	Stop	2023-09-20 13:21:53.987964+04	5
80	2023-09-20 09:06:00.567983+04	Stop	2023-09-20 13:21:53.987964+04	38
1	2023-09-19 13:54:23.77093+04	Stop	2023-09-19 18:41:59.075733+04	\N
2	2023-09-19 14:42:03.405741+04	Stop	2023-09-19 18:42:07.547876+04	\N
3	2023-09-19 14:42:33.202433+04	Stop	2023-09-19 18:43:22.11902+04	\N
4	2023-09-19 14:43:09.405396+04	Stop	2023-09-19 18:43:22.11902+04	\N
5	2023-09-19 14:43:12.171016+04	Stop	2023-09-19 18:43:22.11902+04	\N
6	2023-09-19 14:43:41.845072+04	Stop	2023-09-19 18:46:34.051083+04	\N
7	2023-09-19 14:44:21.610519+04	Stop	2023-09-19 18:46:34.051083+04	\N
8	2023-09-19 14:46:39.511067+04	Stop	2023-09-19 18:53:11.122491+04	\N
9	2023-09-19 14:53:13.857237+04	Stop	2023-09-19 18:54:10.281892+04	\N
10	2023-09-19 14:54:08.110002+04	Stop	2023-09-19 18:54:10.281892+04	\N
11	2023-09-19 14:54:20.37106+04	Stop	2023-09-19 18:54:24.146933+04	\N
12	2023-09-19 14:54:37.222659+04	Stop	2023-09-19 18:55:12.692741+04	\N
13	2023-09-19 14:55:15.520523+04	Stop	2023-09-19 18:56:12.093981+04	\N
14	2023-09-19 14:56:13.515917+04	Stop	2023-09-19 19:01:11.795728+04	\N
15	2023-09-19 15:01:14.268354+04	Stop	2023-09-19 20:17:09.290162+04	\N
16	2023-09-19 15:03:48.129889+04	Stop	2023-09-19 20:17:09.290162+04	\N
17	2023-09-19 15:06:23.960819+04	Stop	2023-09-19 20:17:09.290162+04	\N
18	2023-09-19 15:12:40.862205+04	Stop	2023-09-19 20:17:09.290162+04	\N
19	2023-09-19 15:13:40.082869+04	Stop	2023-09-19 20:17:09.290162+04	\N
20	2023-09-19 16:15:20.538597+04	Stop	2023-09-19 20:17:09.290162+04	\N
21	2023-09-19 16:16:09.00684+04	Stop	2023-09-19 20:17:09.290162+04	\N
22	2023-09-19 16:17:10.933694+04	Stop	2023-09-19 20:17:38.038896+04	\N
23	2023-09-19 16:51:48.577294+04	Stop	2023-09-19 21:19:01.996284+04	\N
24	2023-09-19 17:12:55.230876+04	Stop	2023-09-19 21:19:01.996284+04	\N
25	2023-09-19 17:19:03.866952+04	Stop	2023-09-19 21:21:05.735405+04	\N
26	2023-09-19 17:21:09.8217+04	Stop	2023-09-19 21:24:38.686801+04	\N
27	2023-09-19 17:24:43.094385+04	Stop	2023-09-19 21:26:24.251149+04	\N
28	2023-09-19 17:26:25.962366+04	Stop	2023-09-19 22:46:24.884754+04	\N
29	2023-09-19 18:46:26.894608+04	Stop	2023-09-19 23:09:32.373476+04	\N
30	2023-09-19 19:09:33.732493+04	Stop	2023-09-20 03:15:23.452054+04	\N
31	2023-09-19 21:58:55.993439+04	Stop	2023-09-20 03:15:23.452054+04	\N
32	2023-09-19 23:15:25.674968+04	Stop	2023-09-20 03:16:37.28406+04	\N
33	2023-09-19 23:16:39.179433+04	Stop	2023-09-20 03:17:32.081641+04	\N
34	2023-09-19 23:17:34.247296+04	Stop	2023-09-20 03:18:22.913695+04	\N
35	2023-09-19 23:18:24.47058+04	Stop	2023-09-20 03:19:21.861105+04	\N
36	2023-09-19 23:19:45.32004+04	Stop	2023-09-20 03:42:50.338199+04	\N
37	2023-09-20 00:23:26.420479+04	Stop	2023-09-20 04:25:20.220561+04	\N
38	2023-09-20 00:25:03.262518+04	Stop	2023-09-20 04:25:20.220561+04	\N
39	2023-09-20 00:25:36.088732+04	Stop	2023-09-20 04:26:54.135963+04	\N
40	2023-09-20 00:26:55.158082+04	Stop	2023-09-20 04:28:49.880325+04	\N
41	2023-09-20 00:28:51.042025+04	Stop	2023-09-20 04:30:38.567874+04	\N
42	2023-09-20 00:30:40.003262+04	Stop	2023-09-20 04:31:49.757587+04	\N
43	2023-09-20 00:31:15.426146+04	Stop	2023-09-20 04:31:49.757587+04	\N
44	2023-09-20 00:31:50.9115+04	Stop	2023-09-20 04:32:15.168852+04	\N
45	2023-09-20 00:32:26.169385+04	Stop	2023-09-20 04:33:52.062557+04	\N
46	2023-09-20 00:33:53.319152+04	Stop	2023-09-20 04:35:06.005951+04	\N
81	2023-09-20 09:21:56.972034+04	Stop	2023-09-20 14:12:03.489017+04	\N
82	2023-09-20 10:10:36.85187+04	Stop	2023-09-20 14:12:03.489017+04	\N
83	2023-09-20 10:12:09.76089+04	Stop	2023-09-20 14:14:58.832138+04	\N
84	2023-09-20 10:16:54.131442+04	Stop	2023-09-20 14:22:10.222469+04	40
85	2023-09-20 10:19:34.824274+04	Stop	2023-09-20 14:22:10.222469+04	40
86	2023-09-20 10:21:42.201612+04	Stop	2023-09-20 14:22:10.222469+04	40
87	2023-09-20 10:22:14.431424+04	Stop	2023-09-20 14:26:32.108813+04	40
88	2023-09-20 10:26:47.851696+04	Running	\N	40
\.


--
-- TOC entry 4972 (class 0 OID 16881)
-- Dependencies: 245
-- Data for Name: mlpipeline_videoupload; Type: TABLE DATA; Schema: public; Owner: postgres
--

COPY public.mlpipeline_videoupload (id, title, video_file) FROM stdin;
1	Video3_chunk_37	videos/Video3_chunk_37_2IXoK0m.mp4
2	Video3_chunk_37	videos/Video3_chunk_37_FYDCtsd.mp4
3	Video3_chunk_37	videos/Video3_chunk_37_yje8psl.mp4
4	Video3_chunk_37	videos/Video3_chunk_37_5zewymt.mp4
5	Video3_chunk_37	videos/Video3_chunk_37_sbRSdJ3.mp4
6	Video3_chunk_37	videos/Video3_chunk_37_fKjq94J.mp4
39	Video3_chunk_37	videos/Video3_chunk_37_dM3tENd.mp4
\.


--
-- TOC entry 4961 (class 0 OID 16773)
-- Dependencies: 234
-- Data for Name: orphanage_roles; Type: TABLE DATA; Schema: public; Owner: postgres
--

COPY public.orphanage_roles (id, role_name, created_date, updated_date, created_by_id, updated_by_id) FROM stdin;
1	Care Taker	2023-09-19 13:50:57.112761+04	2023-09-19 13:50:57.113758+04	\N	\N
\.


--
-- TOC entry 4963 (class 0 OID 16779)
-- Dependencies: 236
-- Data for Name: profile; Type: TABLE DATA; Schema: public; Owner: postgres
--

COPY public.profile (id, profile_name, dob, profile_photo1, profile_photo2, profile_photo3, encoded_photo1, encoded_photo2, encoded_photo3, created_date, updated_date, created_by_id, role_id, updated_by_id, user_id) FROM stdin;
1	Mohammad Jasir	2023-09-21				\\x	\\x	\\x	2023-09-19 13:50:57.125754+04	2023-09-19 13:50:57.129745+04	1	1	1	1
\.


--
-- TOC entry 4978 (class 0 OID 0)
-- Dependencies: 221
-- Name: auth_group_id_seq; Type: SEQUENCE SET; Schema: public; Owner: postgres
--

SELECT pg_catalog.setval('public.auth_group_id_seq', 1, false);


--
-- TOC entry 4979 (class 0 OID 0)
-- Dependencies: 223
-- Name: auth_group_permissions_id_seq; Type: SEQUENCE SET; Schema: public; Owner: postgres
--

SELECT pg_catalog.setval('public.auth_group_permissions_id_seq', 1, false);


--
-- TOC entry 4980 (class 0 OID 0)
-- Dependencies: 219
-- Name: auth_permission_id_seq; Type: SEQUENCE SET; Schema: public; Owner: postgres
--

SELECT pg_catalog.setval('public.auth_permission_id_seq', 48, true);


--
-- TOC entry 4981 (class 0 OID 0)
-- Dependencies: 227
-- Name: auth_user_groups_id_seq; Type: SEQUENCE SET; Schema: public; Owner: postgres
--

SELECT pg_catalog.setval('public.auth_user_groups_id_seq', 1, false);


--
-- TOC entry 4982 (class 0 OID 0)
-- Dependencies: 225
-- Name: auth_user_id_seq; Type: SEQUENCE SET; Schema: public; Owner: postgres
--

SELECT pg_catalog.setval('public.auth_user_id_seq', 1, true);


--
-- TOC entry 4983 (class 0 OID 0)
-- Dependencies: 229
-- Name: auth_user_user_permissions_id_seq; Type: SEQUENCE SET; Schema: public; Owner: postgres
--

SELECT pg_catalog.setval('public.auth_user_user_permissions_id_seq', 1, false);


--
-- TOC entry 4984 (class 0 OID 0)
-- Dependencies: 231
-- Name: django_admin_log_id_seq; Type: SEQUENCE SET; Schema: public; Owner: postgres
--

SELECT pg_catalog.setval('public.django_admin_log_id_seq', 1, false);


--
-- TOC entry 4985 (class 0 OID 0)
-- Dependencies: 217
-- Name: django_content_type_id_seq; Type: SEQUENCE SET; Schema: public; Owner: postgres
--

SELECT pg_catalog.setval('public.django_content_type_id_seq', 12, true);


--
-- TOC entry 4986 (class 0 OID 0)
-- Dependencies: 215
-- Name: django_migrations_id_seq; Type: SEQUENCE SET; Schema: public; Owner: postgres
--

SELECT pg_catalog.setval('public.django_migrations_id_seq', 21, true);


--
-- TOC entry 4987 (class 0 OID 0)
-- Dependencies: 237
-- Name: mlpipeline_camera_id_seq; Type: SEQUENCE SET; Schema: public; Owner: postgres
--

SELECT pg_catalog.setval('public.mlpipeline_camera_id_seq', 40, true);


--
-- TOC entry 4988 (class 0 OID 0)
-- Dependencies: 241
-- Name: mlpipeline_detection_id_seq; Type: SEQUENCE SET; Schema: public; Owner: postgres
--

SELECT pg_catalog.setval('public.mlpipeline_detection_id_seq', 1, false);


--
-- TOC entry 4989 (class 0 OID 0)
-- Dependencies: 239
-- Name: mlpipeline_scriptexecutions_id_seq; Type: SEQUENCE SET; Schema: public; Owner: postgres
--

SELECT pg_catalog.setval('public.mlpipeline_scriptexecutions_id_seq', 88, true);


--
-- TOC entry 4990 (class 0 OID 0)
-- Dependencies: 244
-- Name: mlpipeline_videoupload_id_seq; Type: SEQUENCE SET; Schema: public; Owner: postgres
--

SELECT pg_catalog.setval('public.mlpipeline_videoupload_id_seq', 39, true);


--
-- TOC entry 4991 (class 0 OID 0)
-- Dependencies: 233
-- Name: orphanage_roles_id_seq; Type: SEQUENCE SET; Schema: public; Owner: postgres
--

SELECT pg_catalog.setval('public.orphanage_roles_id_seq', 1, true);


--
-- TOC entry 4992 (class 0 OID 0)
-- Dependencies: 235
-- Name: profile_id_seq; Type: SEQUENCE SET; Schema: public; Owner: postgres
--

SELECT pg_catalog.setval('public.profile_id_seq', 1, true);


--
-- TOC entry 4722 (class 2606 OID 16770)
-- Name: auth_group auth_group_name_key; Type: CONSTRAINT; Schema: public; Owner: postgres
--

ALTER TABLE ONLY public.auth_group
    ADD CONSTRAINT auth_group_name_key UNIQUE (name);


--
-- TOC entry 4727 (class 2606 OID 16701)
-- Name: auth_group_permissions auth_group_permissions_group_id_permission_id_0cd325b0_uniq; Type: CONSTRAINT; Schema: public; Owner: postgres
--

ALTER TABLE ONLY public.auth_group_permissions
    ADD CONSTRAINT auth_group_permissions_group_id_permission_id_0cd325b0_uniq UNIQUE (group_id, permission_id);


--
-- TOC entry 4730 (class 2606 OID 16670)
-- Name: auth_group_permissions auth_group_permissions_pkey; Type: CONSTRAINT; Schema: public; Owner: postgres
--

ALTER TABLE ONLY public.auth_group_permissions
    ADD CONSTRAINT auth_group_permissions_pkey PRIMARY KEY (id);


--
-- TOC entry 4724 (class 2606 OID 16662)
-- Name: auth_group auth_group_pkey; Type: CONSTRAINT; Schema: public; Owner: postgres
--

ALTER TABLE ONLY public.auth_group
    ADD CONSTRAINT auth_group_pkey PRIMARY KEY (id);


--
-- TOC entry 4717 (class 2606 OID 16692)
-- Name: auth_permission auth_permission_content_type_id_codename_01ab375a_uniq; Type: CONSTRAINT; Schema: public; Owner: postgres
--

ALTER TABLE ONLY public.auth_permission
    ADD CONSTRAINT auth_permission_content_type_id_codename_01ab375a_uniq UNIQUE (content_type_id, codename);


--
-- TOC entry 4719 (class 2606 OID 16656)
-- Name: auth_permission auth_permission_pkey; Type: CONSTRAINT; Schema: public; Owner: postgres
--

ALTER TABLE ONLY public.auth_permission
    ADD CONSTRAINT auth_permission_pkey PRIMARY KEY (id);


--
-- TOC entry 4738 (class 2606 OID 16684)
-- Name: auth_user_groups auth_user_groups_pkey; Type: CONSTRAINT; Schema: public; Owner: postgres
--

ALTER TABLE ONLY public.auth_user_groups
    ADD CONSTRAINT auth_user_groups_pkey PRIMARY KEY (id);


--
-- TOC entry 4741 (class 2606 OID 16716)
-- Name: auth_user_groups auth_user_groups_user_id_group_id_94350c0c_uniq; Type: CONSTRAINT; Schema: public; Owner: postgres
--

ALTER TABLE ONLY public.auth_user_groups
    ADD CONSTRAINT auth_user_groups_user_id_group_id_94350c0c_uniq UNIQUE (user_id, group_id);


--
-- TOC entry 4732 (class 2606 OID 16676)
-- Name: auth_user auth_user_pkey; Type: CONSTRAINT; Schema: public; Owner: postgres
--

ALTER TABLE ONLY public.auth_user
    ADD CONSTRAINT auth_user_pkey PRIMARY KEY (id);


--
-- TOC entry 4744 (class 2606 OID 16690)
-- Name: auth_user_user_permissions auth_user_user_permissions_pkey; Type: CONSTRAINT; Schema: public; Owner: postgres
--

ALTER TABLE ONLY public.auth_user_user_permissions
    ADD CONSTRAINT auth_user_user_permissions_pkey PRIMARY KEY (id);


--
-- TOC entry 4747 (class 2606 OID 16730)
-- Name: auth_user_user_permissions auth_user_user_permissions_user_id_permission_id_14a6b632_uniq; Type: CONSTRAINT; Schema: public; Owner: postgres
--

ALTER TABLE ONLY public.auth_user_user_permissions
    ADD CONSTRAINT auth_user_user_permissions_user_id_permission_id_14a6b632_uniq UNIQUE (user_id, permission_id);


--
-- TOC entry 4735 (class 2606 OID 16765)
-- Name: auth_user auth_user_username_key; Type: CONSTRAINT; Schema: public; Owner: postgres
--

ALTER TABLE ONLY public.auth_user
    ADD CONSTRAINT auth_user_username_key UNIQUE (username);


--
-- TOC entry 4750 (class 2606 OID 16751)
-- Name: django_admin_log django_admin_log_pkey; Type: CONSTRAINT; Schema: public; Owner: postgres
--

ALTER TABLE ONLY public.django_admin_log
    ADD CONSTRAINT django_admin_log_pkey PRIMARY KEY (id);


--
-- TOC entry 4712 (class 2606 OID 16650)
-- Name: django_content_type django_content_type_app_label_model_76bd3d3b_uniq; Type: CONSTRAINT; Schema: public; Owner: postgres
--

ALTER TABLE ONLY public.django_content_type
    ADD CONSTRAINT django_content_type_app_label_model_76bd3d3b_uniq UNIQUE (app_label, model);


--
-- TOC entry 4714 (class 2606 OID 16648)
-- Name: django_content_type django_content_type_pkey; Type: CONSTRAINT; Schema: public; Owner: postgres
--

ALTER TABLE ONLY public.django_content_type
    ADD CONSTRAINT django_content_type_pkey PRIMARY KEY (id);


--
-- TOC entry 4710 (class 2606 OID 16642)
-- Name: django_migrations django_migrations_pkey; Type: CONSTRAINT; Schema: public; Owner: postgres
--

ALTER TABLE ONLY public.django_migrations
    ADD CONSTRAINT django_migrations_pkey PRIMARY KEY (id);


--
-- TOC entry 4775 (class 2606 OID 16876)
-- Name: django_session django_session_pkey; Type: CONSTRAINT; Schema: public; Owner: postgres
--

ALTER TABLE ONLY public.django_session
    ADD CONSTRAINT django_session_pkey PRIMARY KEY (session_key);


--
-- TOC entry 4764 (class 2606 OID 16827)
-- Name: mlpipeline_camera mlpipeline_camera_pkey; Type: CONSTRAINT; Schema: public; Owner: postgres
--

ALTER TABLE ONLY public.mlpipeline_camera
    ADD CONSTRAINT mlpipeline_camera_pkey PRIMARY KEY (id);


--
-- TOC entry 4771 (class 2606 OID 16839)
-- Name: mlpipeline_detection mlpipeline_detection_pkey; Type: CONSTRAINT; Schema: public; Owner: postgres
--

ALTER TABLE ONLY public.mlpipeline_detection
    ADD CONSTRAINT mlpipeline_detection_pkey PRIMARY KEY (id);


--
-- TOC entry 4768 (class 2606 OID 16833)
-- Name: mlpipeline_scriptexecutions mlpipeline_scriptexecutions_pkey; Type: CONSTRAINT; Schema: public; Owner: postgres
--

ALTER TABLE ONLY public.mlpipeline_scriptexecutions
    ADD CONSTRAINT mlpipeline_scriptexecutions_pkey PRIMARY KEY (id);


--
-- TOC entry 4778 (class 2606 OID 16885)
-- Name: mlpipeline_videoupload mlpipeline_videoupload_pkey; Type: CONSTRAINT; Schema: public; Owner: postgres
--

ALTER TABLE ONLY public.mlpipeline_videoupload
    ADD CONSTRAINT mlpipeline_videoupload_pkey PRIMARY KEY (id);


--
-- TOC entry 4754 (class 2606 OID 16777)
-- Name: orphanage_roles orphanage_roles_pkey; Type: CONSTRAINT; Schema: public; Owner: postgres
--

ALTER TABLE ONLY public.orphanage_roles
    ADD CONSTRAINT orphanage_roles_pkey PRIMARY KEY (id);


--
-- TOC entry 4758 (class 2606 OID 16785)
-- Name: profile profile_pkey; Type: CONSTRAINT; Schema: public; Owner: postgres
--

ALTER TABLE ONLY public.profile
    ADD CONSTRAINT profile_pkey PRIMARY KEY (id);


--
-- TOC entry 4720 (class 1259 OID 16771)
-- Name: auth_group_name_a6ea08ec_like; Type: INDEX; Schema: public; Owner: postgres
--

CREATE INDEX auth_group_name_a6ea08ec_like ON public.auth_group USING btree (name varchar_pattern_ops);


--
-- TOC entry 4725 (class 1259 OID 16712)
-- Name: auth_group_permissions_group_id_b120cbf9; Type: INDEX; Schema: public; Owner: postgres
--

CREATE INDEX auth_group_permissions_group_id_b120cbf9 ON public.auth_group_permissions USING btree (group_id);


--
-- TOC entry 4728 (class 1259 OID 16713)
-- Name: auth_group_permissions_permission_id_84c5c92e; Type: INDEX; Schema: public; Owner: postgres
--

CREATE INDEX auth_group_permissions_permission_id_84c5c92e ON public.auth_group_permissions USING btree (permission_id);


--
-- TOC entry 4715 (class 1259 OID 16698)
-- Name: auth_permission_content_type_id_2f476e4b; Type: INDEX; Schema: public; Owner: postgres
--

CREATE INDEX auth_permission_content_type_id_2f476e4b ON public.auth_permission USING btree (content_type_id);


--
-- TOC entry 4736 (class 1259 OID 16728)
-- Name: auth_user_groups_group_id_97559544; Type: INDEX; Schema: public; Owner: postgres
--

CREATE INDEX auth_user_groups_group_id_97559544 ON public.auth_user_groups USING btree (group_id);


--
-- TOC entry 4739 (class 1259 OID 16727)
-- Name: auth_user_groups_user_id_6a12ed8b; Type: INDEX; Schema: public; Owner: postgres
--

CREATE INDEX auth_user_groups_user_id_6a12ed8b ON public.auth_user_groups USING btree (user_id);


--
-- TOC entry 4742 (class 1259 OID 16742)
-- Name: auth_user_user_permissions_permission_id_1fbb5f2c; Type: INDEX; Schema: public; Owner: postgres
--

CREATE INDEX auth_user_user_permissions_permission_id_1fbb5f2c ON public.auth_user_user_permissions USING btree (permission_id);


--
-- TOC entry 4745 (class 1259 OID 16741)
-- Name: auth_user_user_permissions_user_id_a95ead1b; Type: INDEX; Schema: public; Owner: postgres
--

CREATE INDEX auth_user_user_permissions_user_id_a95ead1b ON public.auth_user_user_permissions USING btree (user_id);


--
-- TOC entry 4733 (class 1259 OID 16766)
-- Name: auth_user_username_6821ab7c_like; Type: INDEX; Schema: public; Owner: postgres
--

CREATE INDEX auth_user_username_6821ab7c_like ON public.auth_user USING btree (username varchar_pattern_ops);


--
-- TOC entry 4748 (class 1259 OID 16762)
-- Name: django_admin_log_content_type_id_c4bce8eb; Type: INDEX; Schema: public; Owner: postgres
--

CREATE INDEX django_admin_log_content_type_id_c4bce8eb ON public.django_admin_log USING btree (content_type_id);


--
-- TOC entry 4751 (class 1259 OID 16763)
-- Name: django_admin_log_user_id_c564eba6; Type: INDEX; Schema: public; Owner: postgres
--

CREATE INDEX django_admin_log_user_id_c564eba6 ON public.django_admin_log USING btree (user_id);


--
-- TOC entry 4773 (class 1259 OID 16878)
-- Name: django_session_expire_date_a5c62663; Type: INDEX; Schema: public; Owner: postgres
--

CREATE INDEX django_session_expire_date_a5c62663 ON public.django_session USING btree (expire_date);


--
-- TOC entry 4776 (class 1259 OID 16877)
-- Name: django_session_session_key_c0390e0f_like; Type: INDEX; Schema: public; Owner: postgres
--

CREATE INDEX django_session_session_key_c0390e0f_like ON public.django_session USING btree (session_key varchar_pattern_ops);


--
-- TOC entry 4762 (class 1259 OID 16850)
-- Name: mlpipeline_camera_created_by_id_a1c6fc17; Type: INDEX; Schema: public; Owner: postgres
--

CREATE INDEX mlpipeline_camera_created_by_id_a1c6fc17 ON public.mlpipeline_camera USING btree (created_by_id);


--
-- TOC entry 4765 (class 1259 OID 16851)
-- Name: mlpipeline_camera_updated_by_id_9c424218; Type: INDEX; Schema: public; Owner: postgres
--

CREATE INDEX mlpipeline_camera_updated_by_id_9c424218 ON public.mlpipeline_camera USING btree (updated_by_id);


--
-- TOC entry 4769 (class 1259 OID 16868)
-- Name: mlpipeline_detection_camera_id_00418e48; Type: INDEX; Schema: public; Owner: postgres
--

CREATE INDEX mlpipeline_detection_camera_id_00418e48 ON public.mlpipeline_detection USING btree (camera_id);


--
-- TOC entry 4772 (class 1259 OID 16869)
-- Name: mlpipeline_detection_profile_id_0efadebb; Type: INDEX; Schema: public; Owner: postgres
--

CREATE INDEX mlpipeline_detection_profile_id_0efadebb ON public.mlpipeline_detection USING btree (profile_id);


--
-- TOC entry 4766 (class 1259 OID 16857)
-- Name: mlpipeline_scriptexecutions_exec_camera_id_dac426bd; Type: INDEX; Schema: public; Owner: postgres
--

CREATE INDEX mlpipeline_scriptexecutions_exec_camera_id_dac426bd ON public.mlpipeline_scriptexecutions USING btree (exec_camera_id);


--
-- TOC entry 4752 (class 1259 OID 16796)
-- Name: orphanage_roles_created_by_id_3eaa704d; Type: INDEX; Schema: public; Owner: postgres
--

CREATE INDEX orphanage_roles_created_by_id_3eaa704d ON public.orphanage_roles USING btree (created_by_id);


--
-- TOC entry 4755 (class 1259 OID 16797)
-- Name: orphanage_roles_updated_by_id_d92050fd; Type: INDEX; Schema: public; Owner: postgres
--

CREATE INDEX orphanage_roles_updated_by_id_d92050fd ON public.orphanage_roles USING btree (updated_by_id);


--
-- TOC entry 4756 (class 1259 OID 16818)
-- Name: profile_created_by_id_4d154033; Type: INDEX; Schema: public; Owner: postgres
--

CREATE INDEX profile_created_by_id_4d154033 ON public.profile USING btree (created_by_id);


--
-- TOC entry 4759 (class 1259 OID 16819)
-- Name: profile_role_id_9bb7f33b; Type: INDEX; Schema: public; Owner: postgres
--

CREATE INDEX profile_role_id_9bb7f33b ON public.profile USING btree (role_id);


--
-- TOC entry 4760 (class 1259 OID 16820)
-- Name: profile_updated_by_id_ca9c7673; Type: INDEX; Schema: public; Owner: postgres
--

CREATE INDEX profile_updated_by_id_ca9c7673 ON public.profile USING btree (updated_by_id);


--
-- TOC entry 4761 (class 1259 OID 16821)
-- Name: profile_user_id_2aeb6f6b; Type: INDEX; Schema: public; Owner: postgres
--

CREATE INDEX profile_user_id_2aeb6f6b ON public.profile USING btree (user_id);


--
-- TOC entry 4780 (class 2606 OID 16707)
-- Name: auth_group_permissions auth_group_permissio_permission_id_84c5c92e_fk_auth_perm; Type: FK CONSTRAINT; Schema: public; Owner: postgres
--

ALTER TABLE ONLY public.auth_group_permissions
    ADD CONSTRAINT auth_group_permissio_permission_id_84c5c92e_fk_auth_perm FOREIGN KEY (permission_id) REFERENCES public.auth_permission(id) DEFERRABLE INITIALLY DEFERRED;


--
-- TOC entry 4781 (class 2606 OID 16702)
-- Name: auth_group_permissions auth_group_permissions_group_id_b120cbf9_fk_auth_group_id; Type: FK CONSTRAINT; Schema: public; Owner: postgres
--

ALTER TABLE ONLY public.auth_group_permissions
    ADD CONSTRAINT auth_group_permissions_group_id_b120cbf9_fk_auth_group_id FOREIGN KEY (group_id) REFERENCES public.auth_group(id) DEFERRABLE INITIALLY DEFERRED;


--
-- TOC entry 4779 (class 2606 OID 16693)
-- Name: auth_permission auth_permission_content_type_id_2f476e4b_fk_django_co; Type: FK CONSTRAINT; Schema: public; Owner: postgres
--

ALTER TABLE ONLY public.auth_permission
    ADD CONSTRAINT auth_permission_content_type_id_2f476e4b_fk_django_co FOREIGN KEY (content_type_id) REFERENCES public.django_content_type(id) DEFERRABLE INITIALLY DEFERRED;


--
-- TOC entry 4782 (class 2606 OID 16722)
-- Name: auth_user_groups auth_user_groups_group_id_97559544_fk_auth_group_id; Type: FK CONSTRAINT; Schema: public; Owner: postgres
--

ALTER TABLE ONLY public.auth_user_groups
    ADD CONSTRAINT auth_user_groups_group_id_97559544_fk_auth_group_id FOREIGN KEY (group_id) REFERENCES public.auth_group(id) DEFERRABLE INITIALLY DEFERRED;


--
-- TOC entry 4783 (class 2606 OID 16717)
-- Name: auth_user_groups auth_user_groups_user_id_6a12ed8b_fk_auth_user_id; Type: FK CONSTRAINT; Schema: public; Owner: postgres
--

ALTER TABLE ONLY public.auth_user_groups
    ADD CONSTRAINT auth_user_groups_user_id_6a12ed8b_fk_auth_user_id FOREIGN KEY (user_id) REFERENCES public.auth_user(id) DEFERRABLE INITIALLY DEFERRED;


--
-- TOC entry 4784 (class 2606 OID 16736)
-- Name: auth_user_user_permissions auth_user_user_permi_permission_id_1fbb5f2c_fk_auth_perm; Type: FK CONSTRAINT; Schema: public; Owner: postgres
--

ALTER TABLE ONLY public.auth_user_user_permissions
    ADD CONSTRAINT auth_user_user_permi_permission_id_1fbb5f2c_fk_auth_perm FOREIGN KEY (permission_id) REFERENCES public.auth_permission(id) DEFERRABLE INITIALLY DEFERRED;


--
-- TOC entry 4785 (class 2606 OID 16731)
-- Name: auth_user_user_permissions auth_user_user_permissions_user_id_a95ead1b_fk_auth_user_id; Type: FK CONSTRAINT; Schema: public; Owner: postgres
--

ALTER TABLE ONLY public.auth_user_user_permissions
    ADD CONSTRAINT auth_user_user_permissions_user_id_a95ead1b_fk_auth_user_id FOREIGN KEY (user_id) REFERENCES public.auth_user(id) DEFERRABLE INITIALLY DEFERRED;


--
-- TOC entry 4786 (class 2606 OID 16752)
-- Name: django_admin_log django_admin_log_content_type_id_c4bce8eb_fk_django_co; Type: FK CONSTRAINT; Schema: public; Owner: postgres
--

ALTER TABLE ONLY public.django_admin_log
    ADD CONSTRAINT django_admin_log_content_type_id_c4bce8eb_fk_django_co FOREIGN KEY (content_type_id) REFERENCES public.django_content_type(id) DEFERRABLE INITIALLY DEFERRED;


--
-- TOC entry 4787 (class 2606 OID 16757)
-- Name: django_admin_log django_admin_log_user_id_c564eba6_fk_auth_user_id; Type: FK CONSTRAINT; Schema: public; Owner: postgres
--

ALTER TABLE ONLY public.django_admin_log
    ADD CONSTRAINT django_admin_log_user_id_c564eba6_fk_auth_user_id FOREIGN KEY (user_id) REFERENCES public.auth_user(id) DEFERRABLE INITIALLY DEFERRED;


--
-- TOC entry 4794 (class 2606 OID 16840)
-- Name: mlpipeline_camera mlpipeline_camera_created_by_id_a1c6fc17_fk_auth_user_id; Type: FK CONSTRAINT; Schema: public; Owner: postgres
--

ALTER TABLE ONLY public.mlpipeline_camera
    ADD CONSTRAINT mlpipeline_camera_created_by_id_a1c6fc17_fk_auth_user_id FOREIGN KEY (created_by_id) REFERENCES public.auth_user(id) DEFERRABLE INITIALLY DEFERRED;


--
-- TOC entry 4795 (class 2606 OID 16845)
-- Name: mlpipeline_camera mlpipeline_camera_updated_by_id_9c424218_fk_auth_user_id; Type: FK CONSTRAINT; Schema: public; Owner: postgres
--

ALTER TABLE ONLY public.mlpipeline_camera
    ADD CONSTRAINT mlpipeline_camera_updated_by_id_9c424218_fk_auth_user_id FOREIGN KEY (updated_by_id) REFERENCES public.auth_user(id) DEFERRABLE INITIALLY DEFERRED;


--
-- TOC entry 4797 (class 2606 OID 16858)
-- Name: mlpipeline_detection mlpipeline_detection_camera_id_00418e48_fk_mlpipeline_camera_id; Type: FK CONSTRAINT; Schema: public; Owner: postgres
--

ALTER TABLE ONLY public.mlpipeline_detection
    ADD CONSTRAINT mlpipeline_detection_camera_id_00418e48_fk_mlpipeline_camera_id FOREIGN KEY (camera_id) REFERENCES public.mlpipeline_camera(id) DEFERRABLE INITIALLY DEFERRED;


--
-- TOC entry 4798 (class 2606 OID 16863)
-- Name: mlpipeline_detection mlpipeline_detection_profile_id_0efadebb_fk_profile_id; Type: FK CONSTRAINT; Schema: public; Owner: postgres
--

ALTER TABLE ONLY public.mlpipeline_detection
    ADD CONSTRAINT mlpipeline_detection_profile_id_0efadebb_fk_profile_id FOREIGN KEY (profile_id) REFERENCES public.profile(id) DEFERRABLE INITIALLY DEFERRED;


--
-- TOC entry 4796 (class 2606 OID 16852)
-- Name: mlpipeline_scriptexecutions mlpipeline_scriptexe_exec_camera_id_dac426bd_fk_mlpipelin; Type: FK CONSTRAINT; Schema: public; Owner: postgres
--

ALTER TABLE ONLY public.mlpipeline_scriptexecutions
    ADD CONSTRAINT mlpipeline_scriptexe_exec_camera_id_dac426bd_fk_mlpipelin FOREIGN KEY (exec_camera_id) REFERENCES public.mlpipeline_camera(id) DEFERRABLE INITIALLY DEFERRED;


--
-- TOC entry 4788 (class 2606 OID 16786)
-- Name: orphanage_roles orphanage_roles_created_by_id_3eaa704d_fk_auth_user_id; Type: FK CONSTRAINT; Schema: public; Owner: postgres
--

ALTER TABLE ONLY public.orphanage_roles
    ADD CONSTRAINT orphanage_roles_created_by_id_3eaa704d_fk_auth_user_id FOREIGN KEY (created_by_id) REFERENCES public.auth_user(id) DEFERRABLE INITIALLY DEFERRED;


--
-- TOC entry 4789 (class 2606 OID 16791)
-- Name: orphanage_roles orphanage_roles_updated_by_id_d92050fd_fk_auth_user_id; Type: FK CONSTRAINT; Schema: public; Owner: postgres
--

ALTER TABLE ONLY public.orphanage_roles
    ADD CONSTRAINT orphanage_roles_updated_by_id_d92050fd_fk_auth_user_id FOREIGN KEY (updated_by_id) REFERENCES public.auth_user(id) DEFERRABLE INITIALLY DEFERRED;


--
-- TOC entry 4790 (class 2606 OID 16798)
-- Name: profile profile_created_by_id_4d154033_fk_auth_user_id; Type: FK CONSTRAINT; Schema: public; Owner: postgres
--

ALTER TABLE ONLY public.profile
    ADD CONSTRAINT profile_created_by_id_4d154033_fk_auth_user_id FOREIGN KEY (created_by_id) REFERENCES public.auth_user(id) DEFERRABLE INITIALLY DEFERRED;


--
-- TOC entry 4791 (class 2606 OID 16803)
-- Name: profile profile_role_id_9bb7f33b_fk_orphanage_roles_id; Type: FK CONSTRAINT; Schema: public; Owner: postgres
--

ALTER TABLE ONLY public.profile
    ADD CONSTRAINT profile_role_id_9bb7f33b_fk_orphanage_roles_id FOREIGN KEY (role_id) REFERENCES public.orphanage_roles(id) DEFERRABLE INITIALLY DEFERRED;


--
-- TOC entry 4792 (class 2606 OID 16808)
-- Name: profile profile_updated_by_id_ca9c7673_fk_auth_user_id; Type: FK CONSTRAINT; Schema: public; Owner: postgres
--

ALTER TABLE ONLY public.profile
    ADD CONSTRAINT profile_updated_by_id_ca9c7673_fk_auth_user_id FOREIGN KEY (updated_by_id) REFERENCES public.auth_user(id) DEFERRABLE INITIALLY DEFERRED;


--
-- TOC entry 4793 (class 2606 OID 16813)
-- Name: profile profile_user_id_2aeb6f6b_fk_auth_user_id; Type: FK CONSTRAINT; Schema: public; Owner: postgres
--

ALTER TABLE ONLY public.profile
    ADD CONSTRAINT profile_user_id_2aeb6f6b_fk_auth_user_id FOREIGN KEY (user_id) REFERENCES public.auth_user(id) DEFERRABLE INITIALLY DEFERRED;


-- Completed on 2023-09-20 10:36:48

--
-- PostgreSQL database dump complete
--

