--
-- PostgreSQL database dump
--

-- Dumped from database version 15.4 (Ubuntu 15.4-1.pgdg20.04+1)
-- Dumped by pg_dump version 15.1 (Ubuntu 15.1-1.pgdg20.04+1)

SET statement_timeout = 0;
SET lock_timeout = 0;
SET idle_in_transaction_session_timeout = 0;
SET client_encoding = 'UTF8';
SET standard_conforming_strings = on;
SELECT pg_catalog.set_config('search_path', '', false);
SET check_function_bodies = false;
SET xmloption = content;
SET client_min_messages = warning;
SET row_security = off;

SET default_tablespace = '';

SET default_table_access_method = heap;

--
-- Name: auth_group; Type: TABLE; Schema: public; Owner: postgres
--

CREATE TABLE public.auth_group (
    id integer NOT NULL,
    name character varying(150) NOT NULL
);


ALTER TABLE public.auth_group OWNER TO postgres;

--
-- Name: auth_group_id_seq; Type: SEQUENCE; Schema: public; Owner: postgres
--

ALTER TABLE public.auth_group ALTER COLUMN id ADD GENERATED BY DEFAULT AS IDENTITY (
    SEQUENCE NAME public.auth_group_id_seq
    START WITH 1
    INCREMENT BY 1
    NO MINVALUE
    NO MAXVALUE
    CACHE 1
);


--
-- Name: auth_group_permissions; Type: TABLE; Schema: public; Owner: postgres
--

CREATE TABLE public.auth_group_permissions (
    id bigint NOT NULL,
    group_id integer NOT NULL,
    permission_id integer NOT NULL
);


ALTER TABLE public.auth_group_permissions OWNER TO postgres;

--
-- Name: auth_group_permissions_id_seq; Type: SEQUENCE; Schema: public; Owner: postgres
--

ALTER TABLE public.auth_group_permissions ALTER COLUMN id ADD GENERATED BY DEFAULT AS IDENTITY (
    SEQUENCE NAME public.auth_group_permissions_id_seq
    START WITH 1
    INCREMENT BY 1
    NO MINVALUE
    NO MAXVALUE
    CACHE 1
);


--
-- Name: auth_permission; Type: TABLE; Schema: public; Owner: postgres
--

CREATE TABLE public.auth_permission (
    id integer NOT NULL,
    name character varying(255) NOT NULL,
    content_type_id integer NOT NULL,
    codename character varying(100) NOT NULL
);


ALTER TABLE public.auth_permission OWNER TO postgres;

--
-- Name: auth_permission_id_seq; Type: SEQUENCE; Schema: public; Owner: postgres
--

ALTER TABLE public.auth_permission ALTER COLUMN id ADD GENERATED BY DEFAULT AS IDENTITY (
    SEQUENCE NAME public.auth_permission_id_seq
    START WITH 1
    INCREMENT BY 1
    NO MINVALUE
    NO MAXVALUE
    CACHE 1
);


--
-- Name: auth_user; Type: TABLE; Schema: public; Owner: postgres
--

CREATE TABLE public.auth_user (
    id integer NOT NULL,
    password character varying(128) NOT NULL,
    last_login timestamp with time zone,
    is_superuser boolean NOT NULL,
    username character varying(150) NOT NULL,
    first_name character varying(150) NOT NULL,
    last_name character varying(150) NOT NULL,
    email character varying(254) NOT NULL,
    is_staff boolean NOT NULL,
    is_active boolean NOT NULL,
    date_joined timestamp with time zone NOT NULL
);


ALTER TABLE public.auth_user OWNER TO postgres;

--
-- Name: auth_user_groups; Type: TABLE; Schema: public; Owner: postgres
--

CREATE TABLE public.auth_user_groups (
    id bigint NOT NULL,
    user_id integer NOT NULL,
    group_id integer NOT NULL
);


ALTER TABLE public.auth_user_groups OWNER TO postgres;

--
-- Name: auth_user_groups_id_seq; Type: SEQUENCE; Schema: public; Owner: postgres
--

ALTER TABLE public.auth_user_groups ALTER COLUMN id ADD GENERATED BY DEFAULT AS IDENTITY (
    SEQUENCE NAME public.auth_user_groups_id_seq
    START WITH 1
    INCREMENT BY 1
    NO MINVALUE
    NO MAXVALUE
    CACHE 1
);


--
-- Name: auth_user_id_seq; Type: SEQUENCE; Schema: public; Owner: postgres
--

ALTER TABLE public.auth_user ALTER COLUMN id ADD GENERATED BY DEFAULT AS IDENTITY (
    SEQUENCE NAME public.auth_user_id_seq
    START WITH 1
    INCREMENT BY 1
    NO MINVALUE
    NO MAXVALUE
    CACHE 1
);


--
-- Name: auth_user_user_permissions; Type: TABLE; Schema: public; Owner: postgres
--

CREATE TABLE public.auth_user_user_permissions (
    id bigint NOT NULL,
    user_id integer NOT NULL,
    permission_id integer NOT NULL
);


ALTER TABLE public.auth_user_user_permissions OWNER TO postgres;

--
-- Name: auth_user_user_permissions_id_seq; Type: SEQUENCE; Schema: public; Owner: postgres
--

ALTER TABLE public.auth_user_user_permissions ALTER COLUMN id ADD GENERATED BY DEFAULT AS IDENTITY (
    SEQUENCE NAME public.auth_user_user_permissions_id_seq
    START WITH 1
    INCREMENT BY 1
    NO MINVALUE
    NO MAXVALUE
    CACHE 1
);


--
-- Name: django_admin_log; Type: TABLE; Schema: public; Owner: postgres
--

CREATE TABLE public.django_admin_log (
    id integer NOT NULL,
    action_time timestamp with time zone NOT NULL,
    object_id text,
    object_repr character varying(200) NOT NULL,
    action_flag smallint NOT NULL,
    change_message text NOT NULL,
    content_type_id integer,
    user_id integer NOT NULL,
    CONSTRAINT django_admin_log_action_flag_check CHECK ((action_flag >= 0))
);


ALTER TABLE public.django_admin_log OWNER TO postgres;

--
-- Name: django_admin_log_id_seq; Type: SEQUENCE; Schema: public; Owner: postgres
--

ALTER TABLE public.django_admin_log ALTER COLUMN id ADD GENERATED BY DEFAULT AS IDENTITY (
    SEQUENCE NAME public.django_admin_log_id_seq
    START WITH 1
    INCREMENT BY 1
    NO MINVALUE
    NO MAXVALUE
    CACHE 1
);


--
-- Name: django_content_type; Type: TABLE; Schema: public; Owner: postgres
--

CREATE TABLE public.django_content_type (
    id integer NOT NULL,
    app_label character varying(100) NOT NULL,
    model character varying(100) NOT NULL
);


ALTER TABLE public.django_content_type OWNER TO postgres;

--
-- Name: django_content_type_id_seq; Type: SEQUENCE; Schema: public; Owner: postgres
--

ALTER TABLE public.django_content_type ALTER COLUMN id ADD GENERATED BY DEFAULT AS IDENTITY (
    SEQUENCE NAME public.django_content_type_id_seq
    START WITH 1
    INCREMENT BY 1
    NO MINVALUE
    NO MAXVALUE
    CACHE 1
);


--
-- Name: django_migrations; Type: TABLE; Schema: public; Owner: postgres
--

CREATE TABLE public.django_migrations (
    id bigint NOT NULL,
    app character varying(255) NOT NULL,
    name character varying(255) NOT NULL,
    applied timestamp with time zone NOT NULL
);


ALTER TABLE public.django_migrations OWNER TO postgres;

--
-- Name: django_migrations_id_seq; Type: SEQUENCE; Schema: public; Owner: postgres
--

ALTER TABLE public.django_migrations ALTER COLUMN id ADD GENERATED BY DEFAULT AS IDENTITY (
    SEQUENCE NAME public.django_migrations_id_seq
    START WITH 1
    INCREMENT BY 1
    NO MINVALUE
    NO MAXVALUE
    CACHE 1
);


--
-- Name: django_session; Type: TABLE; Schema: public; Owner: postgres
--

CREATE TABLE public.django_session (
    session_key character varying(40) NOT NULL,
    session_data text NOT NULL,
    expire_date timestamp with time zone NOT NULL
);


ALTER TABLE public.django_session OWNER TO postgres;

--
-- Name: mlpipeline_camera; Type: TABLE; Schema: public; Owner: postgres
--

CREATE TABLE public.mlpipeline_camera (
    id bigint NOT NULL,
    camera_ip character varying(128) NOT NULL,
    room_details character varying(128) NOT NULL,
    connected boolean NOT NULL,
    created_date timestamp with time zone NOT NULL,
    updated_date timestamp with time zone NOT NULL,
    created_by_id integer,
    updated_by_id integer
);


ALTER TABLE public.mlpipeline_camera OWNER TO postgres;

--
-- Name: mlpipeline_camera_id_seq; Type: SEQUENCE; Schema: public; Owner: postgres
--

ALTER TABLE public.mlpipeline_camera ALTER COLUMN id ADD GENERATED BY DEFAULT AS IDENTITY (
    SEQUENCE NAME public.mlpipeline_camera_id_seq
    START WITH 1
    INCREMENT BY 1
    NO MINVALUE
    NO MAXVALUE
    CACHE 1
);


--
-- Name: mlpipeline_detection; Type: TABLE; Schema: public; Owner: postgres
--

CREATE TABLE public.mlpipeline_detection (
    id bigint NOT NULL,
    profile_name character varying(128) NOT NULL,
    profile_role character varying(128) NOT NULL,
    mood_name character varying(128) NOT NULL,
    activity_name character varying(128) NOT NULL,
    reference_video character varying(128),
    recorded_date timestamp with time zone NOT NULL,
    camera_id bigint NOT NULL,
    profile_id bigint NOT NULL
);


ALTER TABLE public.mlpipeline_detection OWNER TO postgres;

--
-- Name: mlpipeline_detection_id_seq; Type: SEQUENCE; Schema: public; Owner: postgres
--

ALTER TABLE public.mlpipeline_detection ALTER COLUMN id ADD GENERATED BY DEFAULT AS IDENTITY (
    SEQUENCE NAME public.mlpipeline_detection_id_seq
    START WITH 1
    INCREMENT BY 1
    NO MINVALUE
    NO MAXVALUE
    CACHE 1
);


--
-- Name: mlpipeline_scriptexecutions; Type: TABLE; Schema: public; Owner: postgres
--

CREATE TABLE public.mlpipeline_scriptexecutions (
    id bigint NOT NULL,
    exec_start_time timestamp with time zone NOT NULL,
    exec_status character varying(128) NOT NULL,
    exec_stop_time timestamp with time zone,
    exec_camera_id bigint
);


ALTER TABLE public.mlpipeline_scriptexecutions OWNER TO postgres;

--
-- Name: mlpipeline_scriptexecutions_id_seq; Type: SEQUENCE; Schema: public; Owner: postgres
--

ALTER TABLE public.mlpipeline_scriptexecutions ALTER COLUMN id ADD GENERATED BY DEFAULT AS IDENTITY (
    SEQUENCE NAME public.mlpipeline_scriptexecutions_id_seq
    START WITH 1
    INCREMENT BY 1
    NO MINVALUE
    NO MAXVALUE
    CACHE 1
);


--
-- Name: orphanage_roles; Type: TABLE; Schema: public; Owner: postgres
--

CREATE TABLE public.orphanage_roles (
    id bigint NOT NULL,
    role_name character varying(250) NOT NULL,
    created_date timestamp with time zone NOT NULL,
    updated_date timestamp with time zone NOT NULL,
    created_by_id integer,
    updated_by_id integer
);


ALTER TABLE public.orphanage_roles OWNER TO postgres;

--
-- Name: orphanage_roles_id_seq; Type: SEQUENCE; Schema: public; Owner: postgres
--

ALTER TABLE public.orphanage_roles ALTER COLUMN id ADD GENERATED BY DEFAULT AS IDENTITY (
    SEQUENCE NAME public.orphanage_roles_id_seq
    START WITH 1
    INCREMENT BY 1
    NO MINVALUE
    NO MAXVALUE
    CACHE 1
);


--
-- Name: profile; Type: TABLE; Schema: public; Owner: postgres
--

CREATE TABLE public.profile (
    id bigint NOT NULL,
    profile_name character varying(250) NOT NULL,
    dob date NOT NULL,
    profile_photo1 character varying(100),
    profile_photo2 character varying(100),
    profile_photo3 character varying(100),
    encoded_photo1 bytea,
    encoded_photo2 bytea,
    encoded_photo3 bytea,
    created_date timestamp with time zone NOT NULL,
    updated_date timestamp with time zone NOT NULL,
    created_by_id integer,
    role_id bigint NOT NULL,
    updated_by_id integer,
    user_id integer
);


ALTER TABLE public.profile OWNER TO postgres;

--
-- Name: profile_id_seq; Type: SEQUENCE; Schema: public; Owner: postgres
--

ALTER TABLE public.profile ALTER COLUMN id ADD GENERATED BY DEFAULT AS IDENTITY (
    SEQUENCE NAME public.profile_id_seq
    START WITH 1
    INCREMENT BY 1
    NO MINVALUE
    NO MAXVALUE
    CACHE 1
);


--
-- Data for Name: auth_group; Type: TABLE DATA; Schema: public; Owner: postgres
--

COPY public.auth_group (id, name) FROM stdin;
\.


--
-- Data for Name: auth_group_permissions; Type: TABLE DATA; Schema: public; Owner: postgres
--

COPY public.auth_group_permissions (id, group_id, permission_id) FROM stdin;
\.


--
-- Data for Name: auth_permission; Type: TABLE DATA; Schema: public; Owner: postgres
--

COPY public.auth_permission (id, name, content_type_id, codename) FROM stdin;
1	Can add log entry	1	add_logentry
2	Can change log entry	1	change_logentry
3	Can delete log entry	1	delete_logentry
4	Can view log entry	1	view_logentry
5	Can add permission	2	add_permission
6	Can change permission	2	change_permission
7	Can delete permission	2	delete_permission
8	Can view permission	2	view_permission
9	Can add group	3	add_group
10	Can change group	3	change_group
11	Can delete group	3	delete_group
12	Can view group	3	view_group
13	Can add user	4	add_user
14	Can change user	4	change_user
15	Can delete user	4	delete_user
16	Can view user	4	view_user
17	Can add content type	5	add_contenttype
18	Can change content type	5	change_contenttype
19	Can delete content type	5	delete_contenttype
20	Can view content type	5	view_contenttype
21	Can add session	6	add_session
22	Can change session	6	change_session
23	Can delete session	6	delete_session
24	Can view session	6	view_session
25	Can add orphanage roles	7	add_orphanageroles
26	Can change orphanage roles	7	change_orphanageroles
27	Can delete orphanage roles	7	delete_orphanageroles
28	Can view orphanage roles	7	view_orphanageroles
29	Can add profile	8	add_profile
30	Can change profile	8	change_profile
31	Can delete profile	8	delete_profile
32	Can view profile	8	view_profile
33	Can add camera	9	add_camera
34	Can change camera	9	change_camera
35	Can delete camera	9	delete_camera
36	Can view camera	9	view_camera
37	Can add detection	10	add_detection
38	Can change detection	10	change_detection
39	Can delete detection	10	delete_detection
40	Can view detection	10	view_detection
41	Can add script executions	11	add_scriptexecutions
42	Can change script executions	11	change_scriptexecutions
43	Can delete script executions	11	delete_scriptexecutions
44	Can view script executions	11	view_scriptexecutions
\.


--
-- Data for Name: auth_user; Type: TABLE DATA; Schema: public; Owner: postgres
--

COPY public.auth_user (id, password, last_login, is_superuser, username, first_name, last_name, email, is_staff, is_active, date_joined) FROM stdin;
1	pbkdf2_sha256$600000$4akRJstKamNuyEg1yKClvY$fCNFHJtYFdtBLhqLs2lCYatffIm/eqWqMLKW5c0UdbY=	2023-09-03 10:34:51.752477+05:30	t	jasir	Mohammad	Jasir	ijasir00@gmail.com	t	t	2023-09-01 10:33:37.153496+05:30
\.


--
-- Data for Name: auth_user_groups; Type: TABLE DATA; Schema: public; Owner: postgres
--

COPY public.auth_user_groups (id, user_id, group_id) FROM stdin;
\.


--
-- Data for Name: auth_user_user_permissions; Type: TABLE DATA; Schema: public; Owner: postgres
--

COPY public.auth_user_user_permissions (id, user_id, permission_id) FROM stdin;
\.


--
-- Data for Name: django_admin_log; Type: TABLE DATA; Schema: public; Owner: postgres
--

COPY public.django_admin_log (id, action_time, object_id, object_repr, action_flag, change_message, content_type_id, user_id) FROM stdin;
\.


--
-- Data for Name: django_content_type; Type: TABLE DATA; Schema: public; Owner: postgres
--

COPY public.django_content_type (id, app_label, model) FROM stdin;
1	admin	logentry
2	auth	permission
3	auth	group
4	auth	user
5	contenttypes	contenttype
6	sessions	session
7	userProfile	orphanageroles
8	userProfile	profile
9	mlpipeline	camera
10	mlpipeline	detection
11	mlpipeline	scriptexecutions
\.


--
-- Data for Name: django_migrations; Type: TABLE DATA; Schema: public; Owner: postgres
--

COPY public.django_migrations (id, app, name, applied) FROM stdin;
1	contenttypes	0001_initial	2023-08-31 10:25:49.117705+05:30
2	auth	0001_initial	2023-08-31 10:25:50.452385+05:30
3	admin	0001_initial	2023-08-31 10:25:50.728945+05:30
4	admin	0002_logentry_remove_auto_add	2023-08-31 10:25:50.78287+05:30
5	admin	0003_logentry_add_action_flag_choices	2023-08-31 10:25:50.819956+05:30
6	contenttypes	0002_remove_content_type_name	2023-08-31 10:25:50.874339+05:30
7	auth	0002_alter_permission_name_max_length	2023-08-31 10:25:50.895394+05:30
8	auth	0003_alter_user_email_max_length	2023-08-31 10:25:50.922779+05:30
9	auth	0004_alter_user_username_opts	2023-08-31 10:25:50.952225+05:30
10	auth	0005_alter_user_last_login_null	2023-08-31 10:25:51.006844+05:30
11	auth	0006_require_contenttypes_0002	2023-08-31 10:25:51.044331+05:30
12	auth	0007_alter_validators_add_error_messages	2023-08-31 10:25:51.081607+05:30
13	auth	0008_alter_user_username_max_length	2023-08-31 10:25:51.211699+05:30
14	auth	0009_alter_user_last_name_max_length	2023-08-31 10:25:51.258525+05:30
15	auth	0010_alter_group_name_max_length	2023-08-31 10:25:51.292459+05:30
16	auth	0011_update_proxy_permissions	2023-08-31 10:25:51.322945+05:30
17	auth	0012_alter_user_first_name_max_length	2023-08-31 10:25:51.375147+05:30
18	userProfile	0001_initial	2023-08-31 10:25:52.553958+05:30
19	mlpipeline	0001_initial	2023-08-31 10:25:53.087789+05:30
20	sessions	0001_initial	2023-08-31 10:25:53.371922+05:30
21	mlpipeline	0002_scriptexecutions	2023-09-01 14:42:06.792374+05:30
22	mlpipeline	0003_alter_scriptexecutions_exec_stop_time	2023-09-01 14:56:33.71206+05:30
23	mlpipeline	0004_alter_scriptexecutions_exec_stop_time	2023-09-01 14:57:35.021822+05:30
24	mlpipeline	0005_scriptexecutions_exec_camera	2023-09-12 18:05:50.639324+05:30
\.


--
-- Data for Name: django_session; Type: TABLE DATA; Schema: public; Owner: postgres
--

COPY public.django_session (session_key, session_data, expire_date) FROM stdin;
\.


--
-- Data for Name: mlpipeline_camera; Type: TABLE DATA; Schema: public; Owner: postgres
--

COPY public.mlpipeline_camera (id, camera_ip, room_details, connected, created_date, updated_date, created_by_id, updated_by_id) FROM stdin;
2	http://217.24.53.18:80/cgi-bin/faststream.jpg?stream=half&fps=15&rand=COUNTER	Room A	t	2023-09-12 17:52:24.781999+05:30	2023-09-12 17:52:24.782032+05:30	\N	\N
5	http://89.221.52.83:80/mjpg/video.mjpg	Room D	t	2023-09-12 18:03:30.402913+05:30	2023-09-12 18:03:30.402939+05:30	\N	\N
\.


--
-- Data for Name: mlpipeline_detection; Type: TABLE DATA; Schema: public; Owner: postgres
--

COPY public.mlpipeline_detection (id, profile_name, profile_role, mood_name, activity_name, reference_video, recorded_date, camera_id, profile_id) FROM stdin;
\.


--
-- Data for Name: mlpipeline_scriptexecutions; Type: TABLE DATA; Schema: public; Owner: postgres
--

COPY public.mlpipeline_scriptexecutions (id, exec_start_time, exec_status, exec_stop_time, exec_camera_id) FROM stdin;
33	2023-09-02 10:49:41.443038+05:30	Stop	2023-09-02 10:51:30.266306+05:30	\N
34	2023-09-02 11:31:33.483632+05:30	Stop	2023-09-02 11:31:47.726995+05:30	\N
35	2023-09-02 11:50:35.413924+05:30	Stop	2023-09-02 11:55:29.577612+05:30	\N
36	2023-09-02 11:56:54.437024+05:30	Stop	2023-09-02 12:01:44.315756+05:30	\N
37	2023-09-02 12:12:19.773751+05:30	Stop	2023-09-02 12:13:45.291765+05:30	\N
39	2023-09-02 13:31:37.710751+05:30	Stop	2023-09-03 10:26:42.843744+05:30	\N
40	2023-09-03 10:26:49.147672+05:30	Stop	2023-09-03 10:30:12.507431+05:30	\N
41	2023-09-03 10:31:07.008496+05:30	Stop	2023-09-03 10:35:23.765489+05:30	\N
42	2023-09-03 11:43:44.038095+05:30	Stop	2023-09-03 13:34:55.629218+05:30	\N
43	2023-09-12 18:06:31.631966+05:30	Stop	2023-09-12 18:41:05.811253+05:30	\N
38	2023-09-02 12:15:25.626386+05:30	Stop	2023-09-12 19:19:52.416641+05:30	\N
44	2023-09-12 18:54:12.699446+05:30	Stop	2023-09-12 19:19:52.416641+05:30	2
47	2023-09-12 18:54:13.438801+05:30	Stop	2023-09-12 19:19:52.416641+05:30	5
45	2023-09-12 18:54:13.349336+05:30	Stop	2023-09-12 19:19:52.416641+05:30	\N
46	2023-09-12 18:54:13.38224+05:30	Stop	2023-09-12 19:19:52.416641+05:30	\N
48	2023-09-12 19:20:55.597738+05:30	Stop	2023-09-12 19:32:54.873032+05:30	2
49	2023-09-12 19:20:56.047743+05:30	Stop	2023-09-12 19:32:54.873032+05:30	5
50	2023-09-12 19:33:03.33466+05:30	Stop	2023-09-12 20:14:23.993805+05:30	2
51	2023-09-12 19:33:03.362563+05:30	Stop	2023-09-12 20:14:23.993805+05:30	5
52	2023-09-12 19:37:50.529166+05:30	Stop	2023-09-12 20:14:23.993805+05:30	2
53	2023-09-12 19:37:50.627086+05:30	Stop	2023-09-12 20:14:23.993805+05:30	5
54	2023-09-12 19:46:37.609792+05:30	Stop	2023-09-12 20:14:23.993805+05:30	2
55	2023-09-12 19:46:37.693521+05:30	Stop	2023-09-12 20:14:23.993805+05:30	5
\.


--
-- Data for Name: orphanage_roles; Type: TABLE DATA; Schema: public; Owner: postgres
--

COPY public.orphanage_roles (id, role_name, created_date, updated_date, created_by_id, updated_by_id) FROM stdin;
1	CareTaker	2023-09-01 10:35:25.12586+05:30	2023-09-01 10:35:25.125884+05:30	\N	\N
2	Orphan	2023-09-02 10:38:21.177763+05:30	2023-09-02 10:38:21.177784+05:30	\N	\N
3	Doctor	2023-09-02 12:13:27.760457+05:30	2023-09-02 12:13:27.760494+05:30	\N	\N
4	Physio	2023-09-02 12:15:15.300296+05:30	2023-09-02 12:15:15.30031+05:30	\N	\N
5	Nurse	2023-09-03 10:32:29.470807+05:30	2023-09-03 10:32:29.470867+05:30	\N	\N
\.


--
-- Data for Name: profile; Type: TABLE DATA; Schema: public; Owner: postgres
--

COPY public.profile (id, profile_name, dob, profile_photo1, profile_photo2, profile_photo3, encoded_photo1, encoded_photo2, encoded_photo3, created_date, updated_date, created_by_id, role_id, updated_by_id, user_id) FROM stdin;
1	Mohammad Jasir	1997-09-13	profile_photo/Jasir.png			\\x	\\x	\\x	2023-09-01 10:35:25.262814+05:30	2023-09-01 10:35:25.330743+05:30	1	1	1	1
2	Mohammad Jasir	2023-09-14	profile_photo/Untitled_design.png			\\x	\\x	\\x	2023-09-02 10:38:21.295418+05:30	2023-09-02 10:38:21.410589+05:30	\N	2	\N	\N
3	Mohammad Jasir	2023-09-08	profile_photo/Screenshot_from_2023-09-02_12-00-34.png			\\x	\\x	\\x	2023-09-02 12:13:27.790068+05:30	2023-09-02 12:13:27.825235+05:30	\N	3	\N	\N
4	M Jasir	2023-09-13	profile_photo/Screenshot_from_2023-08-20_16-18-01.png			\\x	\\x	\\x	2023-09-02 12:15:15.466431+05:30	2023-09-02 12:15:15.513267+05:30	\N	4	\N	\N
5	M Jasir	2023-09-20	profile_photo/Run_SQL_Server_in_Jupyternotebook.png			\\x	\\x	\\x	2023-09-03 10:32:29.632354+05:30	2023-09-03 10:32:29.671572+05:30	\N	5	\N	\N
\.


--
-- Name: auth_group_id_seq; Type: SEQUENCE SET; Schema: public; Owner: postgres
--

SELECT pg_catalog.setval('public.auth_group_id_seq', 1, false);


--
-- Name: auth_group_permissions_id_seq; Type: SEQUENCE SET; Schema: public; Owner: postgres
--

SELECT pg_catalog.setval('public.auth_group_permissions_id_seq', 1, false);


--
-- Name: auth_permission_id_seq; Type: SEQUENCE SET; Schema: public; Owner: postgres
--

SELECT pg_catalog.setval('public.auth_permission_id_seq', 44, true);


--
-- Name: auth_user_groups_id_seq; Type: SEQUENCE SET; Schema: public; Owner: postgres
--

SELECT pg_catalog.setval('public.auth_user_groups_id_seq', 1, false);


--
-- Name: auth_user_id_seq; Type: SEQUENCE SET; Schema: public; Owner: postgres
--

SELECT pg_catalog.setval('public.auth_user_id_seq', 1, true);


--
-- Name: auth_user_user_permissions_id_seq; Type: SEQUENCE SET; Schema: public; Owner: postgres
--

SELECT pg_catalog.setval('public.auth_user_user_permissions_id_seq', 1, false);


--
-- Name: django_admin_log_id_seq; Type: SEQUENCE SET; Schema: public; Owner: postgres
--

SELECT pg_catalog.setval('public.django_admin_log_id_seq', 1, false);


--
-- Name: django_content_type_id_seq; Type: SEQUENCE SET; Schema: public; Owner: postgres
--

SELECT pg_catalog.setval('public.django_content_type_id_seq', 11, true);


--
-- Name: django_migrations_id_seq; Type: SEQUENCE SET; Schema: public; Owner: postgres
--

SELECT pg_catalog.setval('public.django_migrations_id_seq', 24, true);


--
-- Name: mlpipeline_camera_id_seq; Type: SEQUENCE SET; Schema: public; Owner: postgres
--

SELECT pg_catalog.setval('public.mlpipeline_camera_id_seq', 5, true);


--
-- Name: mlpipeline_detection_id_seq; Type: SEQUENCE SET; Schema: public; Owner: postgres
--

SELECT pg_catalog.setval('public.mlpipeline_detection_id_seq', 1, false);


--
-- Name: mlpipeline_scriptexecutions_id_seq; Type: SEQUENCE SET; Schema: public; Owner: postgres
--

SELECT pg_catalog.setval('public.mlpipeline_scriptexecutions_id_seq', 55, true);


--
-- Name: orphanage_roles_id_seq; Type: SEQUENCE SET; Schema: public; Owner: postgres
--

SELECT pg_catalog.setval('public.orphanage_roles_id_seq', 5, true);


--
-- Name: profile_id_seq; Type: SEQUENCE SET; Schema: public; Owner: postgres
--

SELECT pg_catalog.setval('public.profile_id_seq', 5, true);


--
-- Name: auth_group auth_group_name_key; Type: CONSTRAINT; Schema: public; Owner: postgres
--

ALTER TABLE ONLY public.auth_group
    ADD CONSTRAINT auth_group_name_key UNIQUE (name);


--
-- Name: auth_group_permissions auth_group_permissions_group_id_permission_id_0cd325b0_uniq; Type: CONSTRAINT; Schema: public; Owner: postgres
--

ALTER TABLE ONLY public.auth_group_permissions
    ADD CONSTRAINT auth_group_permissions_group_id_permission_id_0cd325b0_uniq UNIQUE (group_id, permission_id);


--
-- Name: auth_group_permissions auth_group_permissions_pkey; Type: CONSTRAINT; Schema: public; Owner: postgres
--

ALTER TABLE ONLY public.auth_group_permissions
    ADD CONSTRAINT auth_group_permissions_pkey PRIMARY KEY (id);


--
-- Name: auth_group auth_group_pkey; Type: CONSTRAINT; Schema: public; Owner: postgres
--

ALTER TABLE ONLY public.auth_group
    ADD CONSTRAINT auth_group_pkey PRIMARY KEY (id);


--
-- Name: auth_permission auth_permission_content_type_id_codename_01ab375a_uniq; Type: CONSTRAINT; Schema: public; Owner: postgres
--

ALTER TABLE ONLY public.auth_permission
    ADD CONSTRAINT auth_permission_content_type_id_codename_01ab375a_uniq UNIQUE (content_type_id, codename);


--
-- Name: auth_permission auth_permission_pkey; Type: CONSTRAINT; Schema: public; Owner: postgres
--

ALTER TABLE ONLY public.auth_permission
    ADD CONSTRAINT auth_permission_pkey PRIMARY KEY (id);


--
-- Name: auth_user_groups auth_user_groups_pkey; Type: CONSTRAINT; Schema: public; Owner: postgres
--

ALTER TABLE ONLY public.auth_user_groups
    ADD CONSTRAINT auth_user_groups_pkey PRIMARY KEY (id);


--
-- Name: auth_user_groups auth_user_groups_user_id_group_id_94350c0c_uniq; Type: CONSTRAINT; Schema: public; Owner: postgres
--

ALTER TABLE ONLY public.auth_user_groups
    ADD CONSTRAINT auth_user_groups_user_id_group_id_94350c0c_uniq UNIQUE (user_id, group_id);


--
-- Name: auth_user auth_user_pkey; Type: CONSTRAINT; Schema: public; Owner: postgres
--

ALTER TABLE ONLY public.auth_user
    ADD CONSTRAINT auth_user_pkey PRIMARY KEY (id);


--
-- Name: auth_user_user_permissions auth_user_user_permissions_pkey; Type: CONSTRAINT; Schema: public; Owner: postgres
--

ALTER TABLE ONLY public.auth_user_user_permissions
    ADD CONSTRAINT auth_user_user_permissions_pkey PRIMARY KEY (id);


--
-- Name: auth_user_user_permissions auth_user_user_permissions_user_id_permission_id_14a6b632_uniq; Type: CONSTRAINT; Schema: public; Owner: postgres
--

ALTER TABLE ONLY public.auth_user_user_permissions
    ADD CONSTRAINT auth_user_user_permissions_user_id_permission_id_14a6b632_uniq UNIQUE (user_id, permission_id);


--
-- Name: auth_user auth_user_username_key; Type: CONSTRAINT; Schema: public; Owner: postgres
--

ALTER TABLE ONLY public.auth_user
    ADD CONSTRAINT auth_user_username_key UNIQUE (username);


--
-- Name: django_admin_log django_admin_log_pkey; Type: CONSTRAINT; Schema: public; Owner: postgres
--

ALTER TABLE ONLY public.django_admin_log
    ADD CONSTRAINT django_admin_log_pkey PRIMARY KEY (id);


--
-- Name: django_content_type django_content_type_app_label_model_76bd3d3b_uniq; Type: CONSTRAINT; Schema: public; Owner: postgres
--

ALTER TABLE ONLY public.django_content_type
    ADD CONSTRAINT django_content_type_app_label_model_76bd3d3b_uniq UNIQUE (app_label, model);


--
-- Name: django_content_type django_content_type_pkey; Type: CONSTRAINT; Schema: public; Owner: postgres
--

ALTER TABLE ONLY public.django_content_type
    ADD CONSTRAINT django_content_type_pkey PRIMARY KEY (id);


--
-- Name: django_migrations django_migrations_pkey; Type: CONSTRAINT; Schema: public; Owner: postgres
--

ALTER TABLE ONLY public.django_migrations
    ADD CONSTRAINT django_migrations_pkey PRIMARY KEY (id);


--
-- Name: django_session django_session_pkey; Type: CONSTRAINT; Schema: public; Owner: postgres
--

ALTER TABLE ONLY public.django_session
    ADD CONSTRAINT django_session_pkey PRIMARY KEY (session_key);


--
-- Name: mlpipeline_camera mlpipeline_camera_pkey; Type: CONSTRAINT; Schema: public; Owner: postgres
--

ALTER TABLE ONLY public.mlpipeline_camera
    ADD CONSTRAINT mlpipeline_camera_pkey PRIMARY KEY (id);


--
-- Name: mlpipeline_detection mlpipeline_detection_pkey; Type: CONSTRAINT; Schema: public; Owner: postgres
--

ALTER TABLE ONLY public.mlpipeline_detection
    ADD CONSTRAINT mlpipeline_detection_pkey PRIMARY KEY (id);


--
-- Name: mlpipeline_scriptexecutions mlpipeline_scriptexecutions_pkey; Type: CONSTRAINT; Schema: public; Owner: postgres
--

ALTER TABLE ONLY public.mlpipeline_scriptexecutions
    ADD CONSTRAINT mlpipeline_scriptexecutions_pkey PRIMARY KEY (id);


--
-- Name: orphanage_roles orphanage_roles_pkey; Type: CONSTRAINT; Schema: public; Owner: postgres
--

ALTER TABLE ONLY public.orphanage_roles
    ADD CONSTRAINT orphanage_roles_pkey PRIMARY KEY (id);


--
-- Name: profile profile_pkey; Type: CONSTRAINT; Schema: public; Owner: postgres
--

ALTER TABLE ONLY public.profile
    ADD CONSTRAINT profile_pkey PRIMARY KEY (id);


--
-- Name: auth_group_name_a6ea08ec_like; Type: INDEX; Schema: public; Owner: postgres
--

CREATE INDEX auth_group_name_a6ea08ec_like ON public.auth_group USING btree (name varchar_pattern_ops);


--
-- Name: auth_group_permissions_group_id_b120cbf9; Type: INDEX; Schema: public; Owner: postgres
--

CREATE INDEX auth_group_permissions_group_id_b120cbf9 ON public.auth_group_permissions USING btree (group_id);


--
-- Name: auth_group_permissions_permission_id_84c5c92e; Type: INDEX; Schema: public; Owner: postgres
--

CREATE INDEX auth_group_permissions_permission_id_84c5c92e ON public.auth_group_permissions USING btree (permission_id);


--
-- Name: auth_permission_content_type_id_2f476e4b; Type: INDEX; Schema: public; Owner: postgres
--

CREATE INDEX auth_permission_content_type_id_2f476e4b ON public.auth_permission USING btree (content_type_id);


--
-- Name: auth_user_groups_group_id_97559544; Type: INDEX; Schema: public; Owner: postgres
--

CREATE INDEX auth_user_groups_group_id_97559544 ON public.auth_user_groups USING btree (group_id);


--
-- Name: auth_user_groups_user_id_6a12ed8b; Type: INDEX; Schema: public; Owner: postgres
--

CREATE INDEX auth_user_groups_user_id_6a12ed8b ON public.auth_user_groups USING btree (user_id);


--
-- Name: auth_user_user_permissions_permission_id_1fbb5f2c; Type: INDEX; Schema: public; Owner: postgres
--

CREATE INDEX auth_user_user_permissions_permission_id_1fbb5f2c ON public.auth_user_user_permissions USING btree (permission_id);


--
-- Name: auth_user_user_permissions_user_id_a95ead1b; Type: INDEX; Schema: public; Owner: postgres
--

CREATE INDEX auth_user_user_permissions_user_id_a95ead1b ON public.auth_user_user_permissions USING btree (user_id);


--
-- Name: auth_user_username_6821ab7c_like; Type: INDEX; Schema: public; Owner: postgres
--

CREATE INDEX auth_user_username_6821ab7c_like ON public.auth_user USING btree (username varchar_pattern_ops);


--
-- Name: django_admin_log_content_type_id_c4bce8eb; Type: INDEX; Schema: public; Owner: postgres
--

CREATE INDEX django_admin_log_content_type_id_c4bce8eb ON public.django_admin_log USING btree (content_type_id);


--
-- Name: django_admin_log_user_id_c564eba6; Type: INDEX; Schema: public; Owner: postgres
--

CREATE INDEX django_admin_log_user_id_c564eba6 ON public.django_admin_log USING btree (user_id);


--
-- Name: django_session_expire_date_a5c62663; Type: INDEX; Schema: public; Owner: postgres
--

CREATE INDEX django_session_expire_date_a5c62663 ON public.django_session USING btree (expire_date);


--
-- Name: django_session_session_key_c0390e0f_like; Type: INDEX; Schema: public; Owner: postgres
--

CREATE INDEX django_session_session_key_c0390e0f_like ON public.django_session USING btree (session_key varchar_pattern_ops);


--
-- Name: mlpipeline_camera_created_by_id_a1c6fc17; Type: INDEX; Schema: public; Owner: postgres
--

CREATE INDEX mlpipeline_camera_created_by_id_a1c6fc17 ON public.mlpipeline_camera USING btree (created_by_id);


--
-- Name: mlpipeline_camera_updated_by_id_9c424218; Type: INDEX; Schema: public; Owner: postgres
--

CREATE INDEX mlpipeline_camera_updated_by_id_9c424218 ON public.mlpipeline_camera USING btree (updated_by_id);


--
-- Name: mlpipeline_detection_camera_id_00418e48; Type: INDEX; Schema: public; Owner: postgres
--

CREATE INDEX mlpipeline_detection_camera_id_00418e48 ON public.mlpipeline_detection USING btree (camera_id);


--
-- Name: mlpipeline_detection_profile_id_0efadebb; Type: INDEX; Schema: public; Owner: postgres
--

CREATE INDEX mlpipeline_detection_profile_id_0efadebb ON public.mlpipeline_detection USING btree (profile_id);


--
-- Name: mlpipeline_scriptexecutions_exec_camera_id_dac426bd; Type: INDEX; Schema: public; Owner: postgres
--

CREATE INDEX mlpipeline_scriptexecutions_exec_camera_id_dac426bd ON public.mlpipeline_scriptexecutions USING btree (exec_camera_id);


--
-- Name: orphanage_roles_created_by_id_3eaa704d; Type: INDEX; Schema: public; Owner: postgres
--

CREATE INDEX orphanage_roles_created_by_id_3eaa704d ON public.orphanage_roles USING btree (created_by_id);


--
-- Name: orphanage_roles_updated_by_id_d92050fd; Type: INDEX; Schema: public; Owner: postgres
--

CREATE INDEX orphanage_roles_updated_by_id_d92050fd ON public.orphanage_roles USING btree (updated_by_id);


--
-- Name: profile_created_by_id_4d154033; Type: INDEX; Schema: public; Owner: postgres
--

CREATE INDEX profile_created_by_id_4d154033 ON public.profile USING btree (created_by_id);


--
-- Name: profile_role_id_9bb7f33b; Type: INDEX; Schema: public; Owner: postgres
--

CREATE INDEX profile_role_id_9bb7f33b ON public.profile USING btree (role_id);


--
-- Name: profile_updated_by_id_ca9c7673; Type: INDEX; Schema: public; Owner: postgres
--

CREATE INDEX profile_updated_by_id_ca9c7673 ON public.profile USING btree (updated_by_id);


--
-- Name: profile_user_id_2aeb6f6b; Type: INDEX; Schema: public; Owner: postgres
--

CREATE INDEX profile_user_id_2aeb6f6b ON public.profile USING btree (user_id);


--
-- Name: auth_group_permissions auth_group_permissio_permission_id_84c5c92e_fk_auth_perm; Type: FK CONSTRAINT; Schema: public; Owner: postgres
--

ALTER TABLE ONLY public.auth_group_permissions
    ADD CONSTRAINT auth_group_permissio_permission_id_84c5c92e_fk_auth_perm FOREIGN KEY (permission_id) REFERENCES public.auth_permission(id) DEFERRABLE INITIALLY DEFERRED;


--
-- Name: auth_group_permissions auth_group_permissions_group_id_b120cbf9_fk_auth_group_id; Type: FK CONSTRAINT; Schema: public; Owner: postgres
--

ALTER TABLE ONLY public.auth_group_permissions
    ADD CONSTRAINT auth_group_permissions_group_id_b120cbf9_fk_auth_group_id FOREIGN KEY (group_id) REFERENCES public.auth_group(id) DEFERRABLE INITIALLY DEFERRED;


--
-- Name: auth_permission auth_permission_content_type_id_2f476e4b_fk_django_co; Type: FK CONSTRAINT; Schema: public; Owner: postgres
--

ALTER TABLE ONLY public.auth_permission
    ADD CONSTRAINT auth_permission_content_type_id_2f476e4b_fk_django_co FOREIGN KEY (content_type_id) REFERENCES public.django_content_type(id) DEFERRABLE INITIALLY DEFERRED;


--
-- Name: auth_user_groups auth_user_groups_group_id_97559544_fk_auth_group_id; Type: FK CONSTRAINT; Schema: public; Owner: postgres
--

ALTER TABLE ONLY public.auth_user_groups
    ADD CONSTRAINT auth_user_groups_group_id_97559544_fk_auth_group_id FOREIGN KEY (group_id) REFERENCES public.auth_group(id) DEFERRABLE INITIALLY DEFERRED;


--
-- Name: auth_user_groups auth_user_groups_user_id_6a12ed8b_fk_auth_user_id; Type: FK CONSTRAINT; Schema: public; Owner: postgres
--

ALTER TABLE ONLY public.auth_user_groups
    ADD CONSTRAINT auth_user_groups_user_id_6a12ed8b_fk_auth_user_id FOREIGN KEY (user_id) REFERENCES public.auth_user(id) DEFERRABLE INITIALLY DEFERRED;


--
-- Name: auth_user_user_permissions auth_user_user_permi_permission_id_1fbb5f2c_fk_auth_perm; Type: FK CONSTRAINT; Schema: public; Owner: postgres
--

ALTER TABLE ONLY public.auth_user_user_permissions
    ADD CONSTRAINT auth_user_user_permi_permission_id_1fbb5f2c_fk_auth_perm FOREIGN KEY (permission_id) REFERENCES public.auth_permission(id) DEFERRABLE INITIALLY DEFERRED;


--
-- Name: auth_user_user_permissions auth_user_user_permissions_user_id_a95ead1b_fk_auth_user_id; Type: FK CONSTRAINT; Schema: public; Owner: postgres
--

ALTER TABLE ONLY public.auth_user_user_permissions
    ADD CONSTRAINT auth_user_user_permissions_user_id_a95ead1b_fk_auth_user_id FOREIGN KEY (user_id) REFERENCES public.auth_user(id) DEFERRABLE INITIALLY DEFERRED;


--
-- Name: django_admin_log django_admin_log_content_type_id_c4bce8eb_fk_django_co; Type: FK CONSTRAINT; Schema: public; Owner: postgres
--

ALTER TABLE ONLY public.django_admin_log
    ADD CONSTRAINT django_admin_log_content_type_id_c4bce8eb_fk_django_co FOREIGN KEY (content_type_id) REFERENCES public.django_content_type(id) DEFERRABLE INITIALLY DEFERRED;


--
-- Name: django_admin_log django_admin_log_user_id_c564eba6_fk_auth_user_id; Type: FK CONSTRAINT; Schema: public; Owner: postgres
--

ALTER TABLE ONLY public.django_admin_log
    ADD CONSTRAINT django_admin_log_user_id_c564eba6_fk_auth_user_id FOREIGN KEY (user_id) REFERENCES public.auth_user(id) DEFERRABLE INITIALLY DEFERRED;


--
-- Name: mlpipeline_camera mlpipeline_camera_created_by_id_a1c6fc17_fk_auth_user_id; Type: FK CONSTRAINT; Schema: public; Owner: postgres
--

ALTER TABLE ONLY public.mlpipeline_camera
    ADD CONSTRAINT mlpipeline_camera_created_by_id_a1c6fc17_fk_auth_user_id FOREIGN KEY (created_by_id) REFERENCES public.auth_user(id) DEFERRABLE INITIALLY DEFERRED;


--
-- Name: mlpipeline_camera mlpipeline_camera_updated_by_id_9c424218_fk_auth_user_id; Type: FK CONSTRAINT; Schema: public; Owner: postgres
--

ALTER TABLE ONLY public.mlpipeline_camera
    ADD CONSTRAINT mlpipeline_camera_updated_by_id_9c424218_fk_auth_user_id FOREIGN KEY (updated_by_id) REFERENCES public.auth_user(id) DEFERRABLE INITIALLY DEFERRED;


--
-- Name: mlpipeline_detection mlpipeline_detection_camera_id_00418e48_fk_mlpipeline_camera_id; Type: FK CONSTRAINT; Schema: public; Owner: postgres
--

ALTER TABLE ONLY public.mlpipeline_detection
    ADD CONSTRAINT mlpipeline_detection_camera_id_00418e48_fk_mlpipeline_camera_id FOREIGN KEY (camera_id) REFERENCES public.mlpipeline_camera(id) DEFERRABLE INITIALLY DEFERRED;


--
-- Name: mlpipeline_detection mlpipeline_detection_profile_id_0efadebb_fk_profile_id; Type: FK CONSTRAINT; Schema: public; Owner: postgres
--

ALTER TABLE ONLY public.mlpipeline_detection
    ADD CONSTRAINT mlpipeline_detection_profile_id_0efadebb_fk_profile_id FOREIGN KEY (profile_id) REFERENCES public.profile(id) DEFERRABLE INITIALLY DEFERRED;


--
-- Name: mlpipeline_scriptexecutions mlpipeline_scriptexe_exec_camera_id_dac426bd_fk_mlpipelin; Type: FK CONSTRAINT; Schema: public; Owner: postgres
--

ALTER TABLE ONLY public.mlpipeline_scriptexecutions
    ADD CONSTRAINT mlpipeline_scriptexe_exec_camera_id_dac426bd_fk_mlpipelin FOREIGN KEY (exec_camera_id) REFERENCES public.mlpipeline_camera(id) DEFERRABLE INITIALLY DEFERRED;


--
-- Name: orphanage_roles orphanage_roles_created_by_id_3eaa704d_fk_auth_user_id; Type: FK CONSTRAINT; Schema: public; Owner: postgres
--

ALTER TABLE ONLY public.orphanage_roles
    ADD CONSTRAINT orphanage_roles_created_by_id_3eaa704d_fk_auth_user_id FOREIGN KEY (created_by_id) REFERENCES public.auth_user(id) DEFERRABLE INITIALLY DEFERRED;


--
-- Name: orphanage_roles orphanage_roles_updated_by_id_d92050fd_fk_auth_user_id; Type: FK CONSTRAINT; Schema: public; Owner: postgres
--

ALTER TABLE ONLY public.orphanage_roles
    ADD CONSTRAINT orphanage_roles_updated_by_id_d92050fd_fk_auth_user_id FOREIGN KEY (updated_by_id) REFERENCES public.auth_user(id) DEFERRABLE INITIALLY DEFERRED;


--
-- Name: profile profile_created_by_id_4d154033_fk_auth_user_id; Type: FK CONSTRAINT; Schema: public; Owner: postgres
--

ALTER TABLE ONLY public.profile
    ADD CONSTRAINT profile_created_by_id_4d154033_fk_auth_user_id FOREIGN KEY (created_by_id) REFERENCES public.auth_user(id) DEFERRABLE INITIALLY DEFERRED;


--
-- Name: profile profile_role_id_9bb7f33b_fk_orphanage_roles_id; Type: FK CONSTRAINT; Schema: public; Owner: postgres
--

ALTER TABLE ONLY public.profile
    ADD CONSTRAINT profile_role_id_9bb7f33b_fk_orphanage_roles_id FOREIGN KEY (role_id) REFERENCES public.orphanage_roles(id) DEFERRABLE INITIALLY DEFERRED;


--
-- Name: profile profile_updated_by_id_ca9c7673_fk_auth_user_id; Type: FK CONSTRAINT; Schema: public; Owner: postgres
--

ALTER TABLE ONLY public.profile
    ADD CONSTRAINT profile_updated_by_id_ca9c7673_fk_auth_user_id FOREIGN KEY (updated_by_id) REFERENCES public.auth_user(id) DEFERRABLE INITIALLY DEFERRED;


--
-- Name: profile profile_user_id_2aeb6f6b_fk_auth_user_id; Type: FK CONSTRAINT; Schema: public; Owner: postgres
--

ALTER TABLE ONLY public.profile
    ADD CONSTRAINT profile_user_id_2aeb6f6b_fk_auth_user_id FOREIGN KEY (user_id) REFERENCES public.auth_user(id) DEFERRABLE INITIALLY DEFERRED;


--
-- PostgreSQL database dump complete
--

